id,title,likesCount,duration,viewCount,caption,thumbnailPopularity,categoryID,descriptionLinkCount,googleTrends,viewPerSubs,redditPosts,redditScore,redditComments,twitterHits,twitterCountries,facebookShares,commentCount,commentAnger,commentDisgust,commentFear,commentJoy,commentSadness
7Qp5vcuMIlk,Ed Sheeran - Castle On The Hill [Official Lyric Video],701799.0,261.0,19262815.0,0.0,12.0,10.0,6.0,2219.0,353.57932826847366,0.35203707270532586,1.5254939817230786,0.0,2.1911417288672452,0.23064649777549953,55966.203485220314,26751.0,0.154603,0.000413,0.00272,0.559411,0.180867
p_FF-VN7xmg,Snow day in Raleigh,7964.0,70.0,885674.0,0.0,3.0,22.0,0.0,4575.0,3369.896797153025,0.6133171209780249,12.266342419560498,1.6866220826895686,2.698094560212829,0.2997882844680921,312.03716972305415,153.0,0.402255,0.033248,0.000585,0.319736,0.221141
emLI21bjuHI,UFC 207 Results: Amanda Nunes Knocks Out Ronda Rousey,3317.0,1468.0,1079841.0,0.0,6.0,17.0,7.0,800.0,633.1738533814448,0.06886101722097052,5.3711593432357,0.4131661033258231,0.1363090777871868,0.0681545388935934,0.3385579486637353,1254.0,0.364942,0.341389,0.363756,7e-06,0.129558
n4bucphC9r4,"$27 Cake Vs. $1,120 Cake",185316.0,871.0,6737824.0,0.0,5.0,22.0,13.0,8905.0,769.310014369666,0.4599667824647764,5.212956867934133,1.0732558257511449,1.9482581092503148,0.44959802521161113,1197.2944876378913,7576.0,0.294526,0.101751,0.000302,0.418786,0.118468
lpdRqn6xwiM,Zaalima | Raees | Shah Rukh Khan & Mahira Khan | Arijit Singh & Harshdeep Kaur | JAM8,277356.0,172.0,24847462.0,0.0,4.0,10.0,5.0,234.0,745.2425788644557,0.0,0.0,0.0,2.067480821369552,0.20674808213695522,25189.22720082881,21508.0,0.002969,0.007602,0.099883,0.616509,0.27319
P8V_bx0L4RY,Water Bottle Flip Edition | Dude Perfect,776475.0,448.0,47407183.0,0.0,12.0,17.0,21.0,2472.0,168.08072081218674,0.05,0.0,0.0,1.0,0.05,0.0,81271.0,0.106587,0.041896,0.027047,0.793971,0.037114
xPxbrHMHgNE,Editor Edition | Dude Perfect,383614.0,537.0,9553522.0,0.0,7.0,17.0,19.0,2472.0,168.08072081218674,0.0,0.0,0.0,0.95,0.1,141.35,17323.0,0.208252,0.00906,0.021843,0.601703,0.147833
DnpO_RTSNmQ,Donald Trump: Last Week Tonight with John Oliver (HBO),471232.0,1314.0,31163127.0,0.0,279.0,24.0,4.0,2158.0,220.47089151377313,3.1,1376.55,434.5,1.0,0.05,66350.1,66180.0,0.836531,0.169381,0.000804,0.005523,0.091018
-PxkbXeMe50,Donald Glover - Golden Globes 2017 - Full Backstage Speech,1292.0,471.0,106789.0,0.0,0.0,17.0,0.0,2394.0,332.2017885868528,18.10383384814941,577090.1183506273,105196.30941811873,3.348535166177096,0.3524773859133785,113.53306146515001,214.0,0.037227,0.011406,0.00158,0.691782,0.1607
Ytb7J0ciBcE,Ed Sheeran - Castle On The Hill (Live),138530.0,232.0,4038811.0,0.0,15.0,10.0,1.0,2219.0,301.756064185883,0.23456889091229347,6.333360054631924,2.3456889091229347,2.3049128326107025,0.11524564163053513,11499.295568804346,4842.0,0.309679,0.002837,0.003286,0.455898,0.151768
odDytLBzTog,MICHAEL WOLF: Hong Kong's Architecture of Density,3139.0,331.0,149194.0,0.0,100.0,22.0,0.0,6971.0,174.29924149743087,0.15,6.8,0.75,1.0,0.05,69.75,322.0,0.10175,0.014231,0.506139,0.105478,0.282219
r_cdHEU8Et8,EXCLUSIVE: Naomi Campbell's Paris Nightmare,4607.0,795.0,433442.0,0.0,5.0,24.0,0.0,5310.0,443.5417284681797,0.0,0.0,0.0,0.0,0.0,0.0,1285.0,0.051272,0.091704,0.002082,0.677521,0.093417
bCEPdlhmWow,Mark Wahlberg's Mysterious Dinner Guest,5234.0,311.0,664205.0,0.0,12.0,24.0,0.0,5281.0,443.7232946937005,0.0,0.0,0.0,2.3052358682263687,0.0,0.2280408459499215,369.0,0.746235,0.08792,0.036882,0.033587,0.103894
xWmgUvSPDJM,New Year‚Äôs Eve - Times Square in 4K ‚Äì EarthCam,6557.0,38517.0,1285499.0,0.0,4.0,19.0,0.0,6117.0,558.3135455501387,0.0,0.0,0.0,0.0,0.0,0.0,501.0,0.726346,0.263137,0.026703,0.013682,0.100682
6Mgqbai3fKo,Shakira - Chantaje (Official video) ft. Maluma,1984740.0,200.0,392420994.0,0.0,27.0,10.0,13.0,3567.0,689.217859908552,0.35,2.45,0.5,1.0,0.15,123249.15,130041.0,0.047219,0.013024,0.000244,0.872947,0.037389
b8m9zhNAgKs,Rae Sremmurd - Black Beatles ft. Gucci Mane,2617736.0,294.0,310274178.0,1.0,36.0,10.0,8.0,1173.0,439.55350744149143,0.7,82.35,16.4,0.75,0.15,58117.3,124234.0,0.64368,0.081854,0.007191,0.080753,0.276527
wPfSxHYIfQ0,Kellyanne Conway: Russia 'Did Not Succeed' in Swaying Election (Full) | Meet The Press | NBC News,332.0,616.0,92087.0,0.0,8.0,25.0,8.0,362.0,370.52757322909025,0.0,0.0,0.0,0.8988234401370014,0.14980390668950025,27.327109669292255,1156.0,0.58043,0.451916,0.002398,0.0,0.073092
ilRq5mY7xRU,Hugh Laurie Wins Best Supporting TV Actor at the 2017 Golden Globes,1604.0,111.0,355959.0,0.0,4.0,24.0,11.0,5901.0,26.41211710298627,0.0,0.0,0.0,3.5239303761953775,0.1761965188097689,841.43146861246,443.0,0.601879,0.345765,8e-05,0.035226,0.080685
LTe50pCEFDM,Rebak do drzewa Hit Internetu!!! Z cyklu Polak potrafi !,7401.0,72.0,1335548.0,0.0,8.0,22.0,0.0,9673.0,2737.505769230769,0.2,6.35,2.85,0.95,0.0,112.05,271.0,0.805564,0.088427,0.00892,0.022804,0.127391
1jDG-62stp4,Michael Moore: '100 Days of Resistance' Starts With Inauguration | The Last Word | MSNBC,390.0,238.0,39183.0,0.0,281.0,25.0,7.0,5704.0,554.5755250580962,0.0,0.0,0.0,0.651410574566891,0.2605642298267564,0.0,267.0,0.509823,0.52821,0.011057,0.0,0.05745
ETiI5cW5ADs,"Star Wars Rebels: Saw Vs Ezra, Rex & Klik klak",1490.0,160.0,214570.0,0.0,132.0,24.0,0.0,1818.0,655.0098282683728,0.0,0.0,0.0,2.6055924523056335,0.13027962261528167,0.0,451.0,0.848204,0.172376,0.104446,0.001096,0.080443
EOmRy7qcLZA,Planned Parenthood To Get Defunded By GOP | The View,1298.0,490.0,159251.0,0.0,6.0,17.0,0.0,2927.0,701.8127372287391,0.0,0.0,0.0,2.3052097412429156,0.0,0.0,2858.0,0.63735,0.26547,0.140735,0.038126,0.021823
d2TAPu2T-LU,Two-Tailed Gecko!,41251.0,327.0,1925733.0,1.0,5.0,15.0,8.0,10207.0,129.82200302826888,0.1172904139635303,0.2345808279270606,0.0,0.0,0.0,54.50011978761938,3558.0,0.487865,0.224866,0.163697,0.001958,0.231815
lBHqdKAlYq4,I'm not friends with my ex,33205.0,196.0,1333741.0,1.0,4.0,23.0,11.0,2949.0,111.54650358222155,0.0,0.0,0.0,0.31000757389685063,0.20667171593123376,154.64460750139398,4241.0,0.500839,0.016965,0.000521,0.247261,0.131401
JMrC0Z98fuU,Obama Urges Democrats To Call GOP Health Plan 'Trumpcare',17552.0,557.0,1271153.0,1.0,30.0,24.0,10.0,485.0,498.23650879241916,0.10496726259875039,1.8894107267775069,0.10496726259875039,2.2733716119988796,0.10333507327267635,246.85611360693807,3923.0,0.782017,0.227773,0.000495,0.0,0.108767
7cIkC7s3d2o,Big Sean - Moves,94859.0,147.0,3238289.0,1.0,5.0,10.0,4.0,2665.0,437.77396152602154,0.2849851588268118,1.2349356882495177,0.3799802117690824,1.8731208209748111,0.18731208209748113,2563.464534278151,7347.0,0.512721,0.022796,0.004946,0.222116,0.236171
swa2ni6DjlA,Time With the Family,117068.0,569.0,2299543.0,0.0,6.0,22.0,16.0,1197.0,222.50775982897062,0.3799729398268405,15.483897297943749,7.78944526645023,1.8730894333293098,0.561926829998793,219.28945896598748,11791.0,0.072809,0.006351,0.005,0.708998,0.147885
upN-7ALj2OU,Star Wars Rebels Season 3 - Mid-Season Trailer (Official),29108.0,200.0,1463344.0,0.0,94.0,24.0,10.0,1818.0,304.8718866392934,0.5699510030150181,183.429231137,106.96080489915174,0.0,0.0,1869.6111277660825,7475.0,0.275505,0.048824,0.719018,0.0,0.107325
x_dK7Y07LSs,Megyn Kelly: I will be leaving Fox News,8084.0,2.0,755800.0,0.0,55.0,25.0,0.0,925.0,723.6476736139823,0.37996327061823276,5.319485788655259,1.7098347177820474,1.7794126067202836,0.28095988527162374,85.04083395838138,7572.0,0.747266,0.230332,0.008807,0.0,0.129795
ygdgOA4aIX0,"As 2017 Dawns, Stephen Colbert Suffers A Mariah Moment",4512.0,75.0,440983.0,1.0,5.0,24.0,10.0,485.0,498.23650879241916,0.0,0.0,0.0,1.8730339139178174,0.09365169569589087,69.34996609031307,309.0,0.79858,0.114799,0.001302,0.026821,0.231144
vnLqJLeTMVU,Fifty Shades Darker - Extended Trailer (HD),55263.0,121.0,8378085.0,0.0,157.0,24.0,1.0,532.0,428.49751263952123,0.17349379866452436,0.08674689933226218,0.0,1.7126135762601475,0.08563067881300737,8369.950313783715,4357.0,0.67221,0.230222,0.004865,0.016923,0.276875
rhVZ-QIu4jk,[NOW AVAILABLE] Oasis | New Map Preview | Overwatch,24712.0,98.0,1172937.0,0.0,18.0,20.0,4.0,694.0,134.13617557018623,0.954208043438749,1443.9770082801288,200.81742005097308,1.7125977652670872,0.08562988826335435,304.28898017951866,3781.0,0.603438,0.007328,0.001595,0.17081,0.138399
KwHj4lj3F-k,The Confusing Borders of Lake Constance,11526.0,152.0,474336.0,1.0,21.0,27.0,4.0,5068.0,162.51165794448625,0.478927726937915,238.34636543943571,22.908709605196936,1.5774170985610532,0.1577417098561053,67.64904853294374,784.0,0.835871,0.031904,0.03535,0.002245,0.223206
H9zw8_V5-LI,Top 10 Biggest Disney Movie Flops,8686.0,754.0,956461.0,0.0,113.0,24.0,7.0,2443.0,551.7020126777845,0.0,0.0,0.0,1.0965703581956119,0.07310469054637413,29.988637492431888,3577.0,0.136216,0.001191,0.001637,0.59173,0.166153
zD4n-KGX0Vc,Tested in 2016: Adam Savage's Favorite Things!,9744.0,415.0,412278.0,0.0,4.0,28.0,12.0,5316.0,180.9415569900046,0.07391842866045677,0.8870211439254813,0.0,0.0,0.0,0.0,737.0,0.463745,0.068597,0.002674,0.285005,0.141851
DTjCXIP90FM,Mariah Carey Doesn't Know Demi Lovato Either - Plead The Fifth - WWHL,7366.0,221.0,1537545.0,0.0,53.0,24.0,12.0,2034.0,351.6824192297751,0.0,0.0,0.0,0.0,0.0,293.3,3009.0,0.770268,0.163748,0.001503,0.000526,0.173824
rSwKGp1yk9k,Michael Phelps and Nicole Johnson's Wedding Video of Their Destination Wedding in Mexico | Brides,904.0,52.0,405539.0,0.0,5.0,24.0,15.0,11550.0,656.2511327664329,0.0,0.0,0.0,0.05,0.05,81.15,144.0,0.089718,0.235467,0.004606,0.144179,0.442167
RcxBfdyF7YY,"Crushing $40,000 GOLD BAR with Big Hydraulic Press!",144382.0,322.0,12565659.0,0.0,14.0,28.0,1.0,6496.0,121.937071195953,0.3,0.6,1.65,0.0,0.0,228.4,51471.0,0.389417,0.241996,0.010414,0.011651,0.376789
BG-_ZDrypec,Election Week Cold Open - SNL,87093.0,183.0,9514358.0,1.0,53.0,24.0,8.0,2659.0,571.8684575682558,0.8,115.85,48.35,0.15,0.05,11867.25,19794.0,0.779398,0.003133,0.000777,0.037206,0.177285
DmGeKm9EMPo,New Year's Resolution Police,42361.0,349.0,654597.0,0.0,3.0,24.0,0.0,0.0,315.9188919550103,0.2844694991590387,4.835981485703658,1.6499230951224244,0.6221301440263278,0.2827864291028763,127.21832862833621,4010.0,0.014718,0.018959,0.007805,0.710729,0.167693
SFPncouwnUI,"11,000 Penguins VS Santa Claus Army - Epic Battle Simulator(15,000 Characters)",8951.0,485.0,1018883.0,0.0,23.0,20.0,1.0,0.0,341.4167036872501,0.65,260.75,25.3,0.0,0.0,705.55,1369.0,0.840083,0.110209,0.112615,0.000421,0.124909
Dre0wQmLGe8,The Handmaid's Tale First-Look Teaser (Official) ‚Ä¢ The Handmaid's Tale On Hulu,3013.0,31.0,1527968.0,0.0,15.0,24.0,5.0,5259.0,140.1397040932568,0.7976204459130302,17.148839587130148,12.097243429680956,2.6064077870383344,0.2606407787038334,2208.0882831760487,602.0,0.692999,0.147322,0.08048,0.043875,0.169322
MZ1-_WedGN4,The Kapil Sharma Show - Ep 72‚Äì‡§¶‡•Ä ‡§ï‡§™‡§ø‡§≤ ‡§∂‡§∞‡•ç‡§Æ‡§æ ‡§∂‡•ã‚ÄìAditya and Shraddha Kapoor In Kapil Show‚Äì7th Jan 2017,19492.0,3362.0,4224197.0,0.0,0.0,43.0,7.0,1659.0,575.6669021981246,0.0,0.0,0.0,0.0,0.0,92.75836049068285,1460.0,0.809817,0.162088,0.011092,0.024308,0.097148
E8gmARGvPlI,Wham! - Last Christmas,785849.0,278.0,244353800.0,0.0,3218.0,10.0,14.0,1701.0,1363.7042916417865,2.05,75.9,14.55,1.0,0.05,342717.55,87715.0,0.036788,0.006853,8.4e-05,0.10683,0.849714
nwpj9_hrK_A,Tinashe - Company,97970.0,268.0,3087520.0,0.0,8.0,10.0,8.0,2008.0,381.55502163541416,0.3518677207514229,9.031271499286522,2.4630740452599604,2.189885827084822,0.115257148793938,6315.362585228865,6464.0,0.043414,0.008662,0.00137,0.67617,0.174676
k8UxeCqGGmk,"Will It Tea? with Jimmy Fallon, Rhett & Link (Good Mythical Morning)",90326.0,557.0,2930477.0,0.0,8.0,23.0,12.0,3028.0,498.0785130674367,0.2,17.5,3.1,1.0,0.05,176.15,5105.0,0.55161,0.090187,0.049764,0.089321,0.183998
doVQemLlhW8,Nerf Overwatch,42736.0,214.0,1131382.0,1.0,3.0,24.0,12.0,4286.0,130.70938354469882,0.15,87.5,6.65,1.5,0.25,118.7,2602.0,0.058418,0.015748,0.452549,0.043175,0.508796
UNc9UoDAOcQ,Bonus Round:  FRIENDS with Courteney Cox & Lisa Kudrow | Celebrity Name Game,6941.0,75.0,1852093.0,0.0,10.0,24.0,6.0,1928.0,353.36990808439526,0.1,4.3,0.6,0.0,0.0,435.9,477.0,0.006089,0.006559,0.007499,0.702022,0.185371
TJI6ogVqQEI,Michael Phelps Gets a Life-Size Cutout of His Angry Olympic Face,38230.0,238.0,4318593.0,0.0,41.0,23.0,12.0,3032.0,498.0537427072982,0.15,0.15,0.0,0.0,0.0,113.85,1915.0,0.905252,0.12511,0.023696,0.002679,0.073794
EJZwMyd2mAg,Testing Out Weird Dog Gadgets With NEW PUPPY!,191829.0,542.0,3651421.0,0.0,2.0,23.0,7.0,0.0,166.1906850943242,0.0,0.0,0.0,3.126299497678288,0.7443570232567351,47.53852292431372,35828.0,0.016361,0.013197,0.001718,0.394764,0.569865
C6ATJIclkaU,Undercover Lyft with Odell Beckham Jr.,25863.0,232.0,1956044.0,1.0,14.0,19.0,0.0,749.0,549.4374967275774,0.20994763632701632,21.834554178009697,3.4641359993957694,2.2734292188028142,0.10333769176376428,619.4032151899654,1819.0,0.228101,0.145661,0.06075,0.037653,0.698546
IAFS1gwzTTs,Do Gay People Care About John Oliver?,15817.0,185.0,1243688.0,0.0,10.0,23.0,0.0,1410.0,200.6821237806513,0.520485342555094,434.518513476411,81.19571343859467,1.626997103716909,0.34252570604566507,1529.2817605537612,3153.0,0.513552,0.499725,0.001896,0.002783,0.132868
TQ1BOYLJF6Q,Watch Alabama punter JK Scott master a Rubik's Cube at the CFP National Championship,4016.0,140.0,509292.0,0.0,4.0,17.0,0.0,7036.0,758.1425892107991,0.5315654972776237,22.19285951134079,9.43528757667782,0.0,0.0,0.0,1052.0,0.712172,0.170671,0.001575,0.13709,0.085598
K2tZcSNnNLY,Sydney New Year's Eve 2016 - Midnight Fireworks,2533.0,739.0,374541.0,0.0,22.0,24.0,0.0,3781.0,856.6627725618521,0.0,0.0,0.0,0.0,0.0,751.6828518001253,388.0,0.077143,0.011576,2.9e-05,0.660223,0.202557
ofnUL_FUjqk,üå∂ KIDS TRY SPICY FOOD üî• | Zapp's Voodoo Heat Potato Chip Review ü•î | LaneVids,218.0,351.0,39362.0,0.0,4.0,22.0,8.0,9158.0,206.51342781876915,0.0,0.0,0.0,0.0,0.0,1.5215343795644536,336.0,0.738799,0.1374,0.005565,0.029876,0.128826
NWe6UQbQ5Wc,A Very Youtube Christmas,16219.0,674.0,416154.0,0.0,2.0,24.0,0.0,4840.0,27.148718169153607,0.0688245230344634,10.943099162479681,1.9270866449649753,1.9751760751956748,0.34054759917166805,2.77519578832036,1386.0,0.513896,0.386555,0.00186,0.014046,0.164068
p7bZBH2RIms,Free Handling Bullet Ants?!,100679.0,470.0,2939009.0,1.0,4.0,15.0,8.0,1952.0,129.82200302826888,0.06439225712591298,0.12878451425182597,0.0,0.9564895738818711,0.0,30.17656320413167,14872.0,0.009123,0.06532,0.833547,0.021463,0.098559
WsjGOVK2hpk,Think you've had a Busy Year.....See this,30023.0,867.0,804005.0,0.0,1.0,24.0,5.0,1420.0,102.39595515232233,0.0,0.0,0.0,0.0,0.0,0.0,2180.0,0.194248,0.011752,0.089214,0.602824,0.083707
zB-Z21THbDA,"Jay Pharoah Freestyles as Eminem, Jay Z, The Weeknd and More (Video)",9850.0,906.0,583379.0,0.0,1.0,10.0,4.0,2155.0,231.09789092311718,0.18148402789037413,33.8770185395365,5.384026160747766,1.2587434259082553,0.11988032627697669,179.20501984409856,1472.0,0.681599,0.251553,0.001133,6.8e-05,0.246476
0y-o8LUF8w4,10 AMAZING Kitchen Gadgets You Should Try!,23775.0,1123.0,2506264.0,0.0,3.0,24.0,28.0,3432.0,170.4676581222287,0.05704324959443677,0.0,0.0,1.130998448430093,0.05654992242150465,116.57312276537662,4530.0,0.781798,0.153221,0.001414,0.023096,0.20068
Yha4Kk7VcNY,FROZEN: Elsa's Journey from EVIL Ice Queen to Snow Angel - Did You Know Movies,16318.0,436.0,865429.0,0.0,2.0,1.0,16.0,2402.0,77.0572413416973,0.18147970725610318,1.9357835440651008,0.0604932357520344,0.0,0.0,13.651799341575042,1729.0,0.483162,0.002885,0.120163,0.244524,0.138037
RM-dCVaCMwo,"Carrie Fisher, Iconic Star Wars Actress, Dies at 60 | People",5420.0,52.0,673063.0,0.0,7.0,24.0,14.0,285.0,840.8178043103381,0.0,0.0,0.0,0.0,0.0,36.219134763776935,2893.0,0.107221,0.06946,0.127447,0.013344,0.79201
tWnlxtx6N38,UFC 207 Embedded: Vlog Series - Episode 2,7869.0,555.0,1189295.0,0.0,9.0,17.0,19.0,4988.0,296.6535396014349,0.05703938940346735,20.76233774286212,30.744230888468906,0.05654589697485952,0.0,0.1125196114291294,4104.0,0.65763,0.289042,0.113064,8e-06,0.143627
NbqTkHNmlvM,This Is Why New Year's SUCKS!,40703.0,215.0,1739042.0,0.0,31.0,28.0,16.0,0.0,113.35312313589841,0.26980559397127196,1.0792223758850878,1.7267558014161406,0.0535194008038113,0.0,335.5566242964311,4838.0,0.715442,0.002363,0.026321,0.030477,0.168678
UIn33sDwKqQ,Film Theory: Is Fake News KILLING the Internet?,91859.0,1070.0,1673311.0,1.0,47.0,1.0,8.0,5787.0,77.0572413416973,0.35,3.35,1.4,1.0,0.0,211.2,20429.0,0.890388,0.01494,0.005365,0.004034,0.091694
XgP99GUCfB0,NAKED IN A FREEZER + 7 MILLION SUBSCRIBERS!!,62440.0,848.0,1666153.0,0.0,5.0,24.0,6.0,5648.0,312.57287112066996,0.0,0.0,0.0,0.0,0.0,0.0,7229.0,0.097902,0.083441,0.016834,0.614674,0.178659
-bnzUHzsma0,Believe - Josh Groban (Polar Express) - Peter Hollens feat. One Voice Children's Choir,9293.0,396.0,234880.0,1.0,3.0,10.0,10.0,2106.0,141.99987703931603,5.0,159384.7,29053.6,0.0,0.0,145.5,1935.0,0.002318,0.00061,0.001503,0.969003,0.026604
vJCXZoqnoFg,Ivanka Trump Harassed On Airplane,6446.0,390.0,926982.0,1.0,200.0,25.0,6.0,869.0,1024.9784719191289,0.05,0.05,0.0,1.0,0.15,14.1,6095.0,0.542066,0.488911,2.8e-05,0.0,0.072767
QxvbHFtZ1Jw,Combustion Tube in Slow Motion - The Slow Mo Guys,56558.0,410.0,1615194.0,1.0,0.0,24.0,7.0,4882.0,121.28706558299932,0.3,12.15,2.3,1.0,0.05,97.85,4818.0,0.51998,0.457755,0.101534,0.000734,0.057724
Vd79mpzBnJ4,Silent Night by Chewbacca,90518.0,67.0,5515339.0,1.0,37.0,1.0,47.0,2243.0,233.07606886914073,0.8,45.8,1.55,0.5,0.1,37387.35,3752.0,0.227605,0.003332,0.005278,0.081927,0.661099
xm4LO22-cyY,The secret chord that makes Christmas music sound so Christmassy,23376.0,296.0,1279931.0,1.0,8.0,25.0,6.0,1435.0,196.43753388554452,0.55,23.85,5.4,0.15,0.05,821.7,2132.0,0.75705,0.033453,0.000464,0.077482,0.166186
DyUrqZBs2XA,WORLDS LARGEST HOMEMADE DRONE,99711.0,671.0,2571825.0,0.0,16.0,22.0,2.0,2533.0,222.50775982897062,0.35,1.35,2.55,1.0,0.1,172.9,7838.0,0.784155,0.191162,0.013216,0.0393,0.068886
m274UGUTi80,27 Things You Might Not Know about Star Wars - mental_floss List Show Ep. 450,3305.0,586.0,173998.0,0.0,14.0,27.0,5.0,0.0,124.17419002914457,0.05,0.1,0.0,0.15,0.05,14.2,393.0,0.786456,0.125653,0.085876,0.0348,0.137846
dbGeUXo5TE4,$1 Water Vs $332 Water!,82451.0,357.0,4979397.0,0.0,5.0,20.0,12.0,6128.0,299.55215190305904,0.1,1.15,0.35,0.55,0.05,17.75,17838.0,0.742447,0.23712,0.006229,0.00822,0.102002
twvFPfOj6-M,Everything Wrong With Toy Story 3 In 14 Minutes Or Less,55862.0,876.0,3420678.0,0.0,4.0,1.0,6.0,838.0,240.72358134810293,0.1,4.2,0.85,0.6,0.0,111.7,6740.0,0.596276,0.377344,0.011433,0.000834,0.1693
1yVd4ClewWg,Jingle Bells,79286.0,80.0,1172128.0,1.0,2.0,24.0,7.0,1950.0,398.7626014920194,0.0,0.0,0.0,1.0,0.25,0.0,8038.0,0.033955,0.059262,0.009356,0.683168,0.121089
93lrosBEW-Q,"Jemaine Clement - Shiny (From ""Moana"")",68675.0,205.0,17091400.0,1.0,7.0,10.0,12.0,3622.0,531.9165407777164,0.3,10.9,1.8,1.05,0.1,1141.2,11721.0,0.685952,0.056861,0.05483,0.001984,0.18889
CchqGSPNvns,73 Questions With Neil Patrick Harris | Vogue,29927.0,688.0,1162533.0,0.0,11.0,24.0,10.0,3257.0,210.17367446524287,0.1,11.15,1.1,1.0,0.05,313.45,1234.0,0.088805,0.025165,0.004626,0.653979,0.151074
lEjeKrZxDFQ,NPR's Exit Interview With President Obama | Morning Edition | NPR,2580.0,3682.0,275441.0,1.0,6.0,25.0,7.0,1582.0,247.5359468695596,0.15,2.25,0.9,0.0,0.0,96.8,2130.0,0.837688,0.168704,0.000225,0.001334,0.095144
3Ar80sFzViw,Donald Trump Christmas Cold Open - SNL,59519.0,356.0,8039356.0,1.0,15.0,24.0,8.0,2605.0,568.9669288787956,0.55,41.7,12.25,1.25,0.05,3644.15,11805.0,0.838314,0.133889,0.031489,0.014872,0.114772
GTXP2FzQS94,$24 Korean BBQ Vs. $346 Korean BBQ,158160.0,821.0,8143018.0,0.0,4.0,22.0,14.0,5420.0,769.2755630594263,0.1,0.3,0.3,0.95,0.15,742.95,15886.0,0.128648,0.094537,0.030571,0.184525,0.511099
i8GsDp4Cb6A,Rogue One Easter Eggs That Slipped Right By You,15829.0,459.0,2500054.0,1.0,39.0,24.0,7.0,2083.0,412.19278251730674,0.0,0.0,0.0,0.25,0.05,156.0,3000.0,0.779146,0.15781,0.106265,0.004676,0.140579
2pxYlm5z45I,Atlas V EchoStar XIX Live Launch Broadcast,806.0,6786.0,127368.0,0.0,28.0,28.0,0.0,2759.0,307.8996223414828,0.0,0.0,0.0,0.0,0.0,0.0,52.0,0.296278,0.06345,0.014255,0.560079,0.086472
HVhli9AtJZ0,Juju on that Beat! (Classical Edition),287183.0,377.0,6177804.0,1.0,9.0,24.0,9.0,5117.0,165.0395352730945,0.0,0.0,0.0,1.0,0.2,403.65,51903.0,0.050325,0.065244,0.026598,0.55705,0.229167
Ir10qmckKFk,"Gucci Mane Talks Real Friends, His Time in Prison and His Influence on the Hip Hop Community",18590.0,1830.0,1773086.0,0.0,32.0,24.0,5.0,4487.0,179.73861529937656,0.1,0.65,0.1,0.4,0.05,144.45,5547.0,0.781319,0.167902,0.000271,0.000147,0.155217
tNhFAiFzgl8,Little Box - Simon's Cat,47415.0,116.0,2004149.0,1.0,10.0,15.0,11.0,3570.0,199.43291408114558,0.15,0.8,0.0,0.0,0.0,2250.9,1539.0,0.238294,0.021934,0.002006,0.42661,0.2609
Z5Z1WN_aaRw,Obama On Russian Hacking: 'We Need To Take Action. And We Will' | Morning Edition | NPR,3470.0,559.0,439830.0,1.0,4.0,25.0,7.0,1582.0,247.5359468695596,0.6,39.65,12.7,0.0,0.0,207.5,5790.0,0.595603,0.440403,0.094643,0.0,0.064412
-blcqNrC7QM,Putin Hacked The Election Because Of A Vendetta Against Clinton,10552.0,355.0,1081529.0,1.0,111.0,24.0,10.0,484.0,498.19423963333827,5.0,159382.65,29053.6,0.1,0.0,37.6,4574.0,0.813766,0.227533,0.000365,0.0,0.062171
6X_C9E55CfM,Fergie - Life Goes On,114554.0,239.0,7977890.0,1.0,10.0,10.0,8.0,3998.0,509.0666793631701,0.05,1.65,0.65,0.95,0.05,4386.65,5528.0,0.058804,0.003084,0.00157,0.719045,0.251274
Q5M4KQ1EU-I,Jennifer Lawrence & Chris Pratt Answer the Web's Most Searched Questions | WIRED,89032.0,507.0,6605683.0,0.0,13.0,24.0,9.0,961.0,290.8021046337981,0.15,7.65,0.8,0.0,0.0,146.1,6117.0,0.417562,0.074429,0.010856,0.32024,0.14474
VwxpmS-o6ps,Even Donald Trump Didn't See This Coming,16509.0,576.0,2015858.0,1.0,4.0,24.0,10.0,484.0,498.19423963333827,0.0,0.0,0.0,0.0,0.0,64.45,4726.0,0.744307,0.287841,0.000215,2.2e-05,0.071421
hu8XfHD3k0A,New to Netflix US | January | Netflix,2006.0,62.0,274837.0,0.0,24.0,24.0,7.0,4933.0,442.6729884185903,0.05,0.15,0.05,0.1,0.05,0.0,806.0,0.659568,0.083985,0.026735,0.004998,0.360013
en2D_5TzXCA,Lady Gaga - Million Reasons,462209.0,253.0,20753510.0,1.0,13.0,10.0,13.0,2959.0,547.4805721278777,0.1,4.5,2.05,0.95,0.3,22338.05,30247.0,0.050859,0.028765,0.000896,0.651473,0.205333
N5AIDgzDuws,Trump And Kanye Meet To Discuss New Collaboration,19382.0,749.0,1858211.0,1.0,201.0,24.0,10.0,484.0,498.19423963333827,0.1,2.25,0.1,0.0,0.0,139.35,4272.0,0.819807,0.015504,0.000285,0.027438,0.11142
QgzxXC-A1pk,YOUTUBERS REACT TO YOUTUBE REWIND 2016,131835.0,655.0,4366396.0,1.0,3.0,24.0,35.0,519.0,323.09129579670974,0.0,0.0,0.0,0.85,0.0,8.5,13300.0,0.013722,0.009876,0.005236,0.713145,0.185176
AFxCO_DyzYM,Bruno Mars Carpool Karaoke,822887.0,925.0,35432682.0,1.0,16.0,24.0,17.0,1247.0,243.84909264627035,0.2,0.45,0.3,0.95,0.1,35786.6,52403.0,0.009406,0.043369,0.005589,0.804789,0.134278
olP8JIQYLFw,50 AMAZING Facts to Blow Your Mind! #56,30295.0,532.0,1265119.0,1.0,3.0,27.0,14.0,0.0,146.23319045798448,0.0,0.0,0.0,0.2,0.0,0.0,2726.0,0.796619,0.141015,0.132051,0.000781,0.09537
JJOp_DHYICY,Biggest Things On Earth,25908.0,762.0,1286087.0,1.0,11.0,24.0,29.0,5412.0,258.97029683344397,0.0,0.0,0.0,0.4,0.1,7.5,2733.0,0.713925,0.176368,0.011971,0.041261,0.190124
AYBzG3mk0YQ,Bruno Mars Carpool Karaoke: Coming Tuesday,57561.0,45.0,2844765.0,0.0,11.0,24.0,17.0,1247.0,245.97642118977174,0.05,0.9,0.5,0.25,0.1,676.95,3492.0,0.095651,0.012659,0.00078,0.671832,0.183096
goMYHB2Grvg,Tony Hawk vs Wayne Gretzky. Epic Rap Battles of History,137189.0,171.0,5853198.0,0.0,6.0,24.0,17.0,6349.0,181.47026659899828,0.35,11.2,8.65,1.3,0.1,653.25,52599.0,0.75409,0.202835,0.106006,1.4e-05,0.12932
qzaxXDZi-YU,"Pharrell Talks Politics, What's Wrong in the Music Business & His New Film 'Hidden Figures'",6700.0,2436.0,684983.0,0.0,3.0,24.0,5.0,4487.0,179.73861529937656,0.1,7.55,1.7,0.0,0.0,62.95,2605.0,0.473353,0.257144,0.002906,0.008459,0.236357
Gv-6nRXiiYY,CIA Investigation Concludes Hackers Worked To Get Trump Elected,676.0,256.0,306280.0,0.0,4.0,25.0,0.0,2924.0,701.6449423737126,0.0,0.0,0.0,0.0,0.0,50.1,1320.0,0.540369,0.494793,0.061855,0.0,0.066967
79j14-CZKUA,"The Voice 2016 Billy Gilman - Finale: ""My Way""",12469.0,227.0,1158366.0,0.0,75.0,24.0,17.0,3448.0,302.20407736249973,0.0,0.0,0.0,0.3,0.1,882.6,1712.0,0.303395,0.000402,4.4e-05,0.491942,0.184174
On1CsbTwlDs,Football to the Face 1000x Slower - The Slow Mo Guys,104327.0,391.0,3781306.0,1.0,41.0,24.0,4.0,4683.0,121.28706558299932,0.15,52.1,2.15,0.35,0.0,200.25,7570.0,0.713211,0.114289,0.014283,0.055373,0.080017
XHGKIzCcVa0,Spinning,146768.0,1051.0,3616689.0,0.0,5.0,28.0,25.0,4132.0,97.73220064824818,0.55,16.75,2.85,5.95,0.8,240.2,14977.0,0.861821,0.076109,0.01033,0.018984,0.036005
FN9Q81nzP7Y,Eric Shawn reports: The alleged Russian election hacking,495.0,465.0,100828.0,0.0,3.0,25.0,0.0,2518.0,723.5846921413247,0.0,0.0,0.0,0.0,0.0,16.0,1508.0,0.710174,0.335533,0.07387,0.0,0.057339
0b77zqvmWyY,Top 10 Best TV Moments of 2016,8048.0,797.0,729900.0,1.0,143.0,24.0,7.0,2398.0,551.7020126777845,0.0,0.0,0.0,0.4,0.05,22.45,2550.0,0.818185,0.158638,0.026939,0.005236,0.162956
Nn7ha1kSvNA,10 Useless Body Parts You Have For No Reason!,36170.0,516.0,1724149.0,1.0,3.0,27.0,12.0,0.0,146.23319045798448,0.1,4.2,1.45,0.4,0.0,0.0,7585.0,0.819476,0.142955,0.129861,0.007152,0.097527
rNj9vhFOLbk,Penn State Dad Surprised with Rose Bowl Tickets,13350.0,46.0,857613.0,0.0,23.0,22.0,1.0,449.0,2394.243093922652,0.3,8.3,1.05,0.05,0.05,55.45,1645.0,0.812074,0.023507,7.9e-05,0.035685,0.127023
secNZFm_dK0,NOW ADD A DANCER 11! (PROJECTOR DANCE),54528.0,261.0,726948.0,0.0,4.0,23.0,8.0,1920.0,125.74056700973756,0.0,0.0,0.0,0.2,0.05,41.9,2639.0,0.092044,0.004367,0.001893,0.794963,0.118639
_Y6jc1mLT-8,Hidden Meaning in WALL¬∑E ‚Äì Earthling Cinema,16077.0,397.0,478725.0,1.0,77.0,27.0,19.0,996.0,77.80890533456676,0.15,0.7,0.15,0.0,0.0,0.0,1222.0,0.693214,0.162314,0.149316,0.039425,0.063439
UEP1Mk6Un98,War for the Planet of the Apes | Official Trailer [HD] | 20th Century FOX,77002.0,131.0,12127429.0,0.0,93.0,1.0,9.0,1233.0,570.3581641279596,0.25,1.25,0.0,0.75,0.05,5720.8,10731.0,0.716601,0.018939,0.086054,0.121887,0.116702
xn_1hFdE-5g,Coldplay - Everglow (Single Version) - Official video,122588.0,306.0,5228854.0,0.0,11.0,10.0,6.0,3735.0,616.2198732607743,0.1,4.4,0.6,1.15,0.05,10647.3,5522.0,0.045502,0.000731,0.000221,0.722942,0.274954
Sx2PfL2ekTY,Madonna Carpool Karaoke,186009.0,828.0,15720254.0,1.0,23.0,24.0,7.0,1257.0,243.84909264627035,0.15,3.1,1.35,0.85,0.15,9579.0,23069.0,0.496201,0.128678,0.001204,0.278006,0.1498
-ELun1Vw5Ss,Candace Cameron Bure Announces Her Departure From The View,2382.0,119.0,752406.0,0.0,7.0,24.0,0.0,2947.0,701.6449423737126,5.0,159383.8,29053.6,0.05,0.05,0.0,2150.0,0.758359,0.064399,0.000301,0.037596,0.110964
TUnylyz5mqQ,Fifty Shades Darker - Official Trailer 2 (HD),55598.0,150.0,10751672.0,0.0,50.0,24.0,2.0,542.0,428.49751263952123,0.1,0.2,0.0,1.05,0.15,6525.2,4184.0,0.693051,0.156216,0.030196,0.024906,0.206002
zeOKBklM_5s,"Game Theory: Luigi, the RICHEST Man in the Mushroom Kingdom? (Super Mario Bros)",125103.0,971.0,4323916.0,1.0,5.0,20.0,22.0,6479.0,130.16420972350815,0.7021201297566483,8.776501621958104,2.223380410896053,2.298675502613669,0.0,0.2277186193235852,21269.0,0.81114,0.061006,0.00128,0.016677,0.232862
pFlIqpFzjU4,TIME TO SUE YOUTUBE! Or You Could Just Not Be An Idiot...,67496.0,698.0,1859385.0,0.0,3.0,24.0,30.0,7357.0,355.29134727262857,0.18965160605084383,0.4741290151271096,0.37930321210168766,2.055928539638833,0.18690259451262117,36.354051249239745,8758.0,0.869606,0.118909,0.001318,0.001798,0.073183
NbufQhdXw20,Everything Wrong With Deadpool In 16 Minutes Or Less,112515.0,1148.0,5509871.0,0.0,7.0,1.0,7.0,318.0,240.72358134810293,0.16176143585767253,8.088071792883627,3.0195468026765537,1.0694661124097282,0.05347330562048641,197.35943963600297,15364.0,0.864648,0.133557,0.015482,0.002304,0.107759
ZBk6PyQiUmw,YouTube ReRyan! (2016),295043.0,466.0,5275523.0,1.0,5.0,24.0,10.0,5042.0,165.0395352730945,0.2,0.45,0.2,1.05,0.1,107.4,29101.0,0.152387,0.003362,0.002407,0.04684,0.783603
aUnB5nzmmtc,Clash-A-Rama! The Series: 12 Days of Clashmas,283703.0,665.0,19573023.0,1.0,5.0,20.0,6.0,1507.0,115.18983695493337,0.1,0.1,0.25,0.0,0.0,344.55,15419.0,0.23329,0.228292,0.045551,0.02226,0.436929
tXjHb5QmDV0,STUNG by a BULLET ANT!,477692.0,1188.0,17293062.0,1.0,35.0,15.0,7.0,1955.0,129.81677497200118,1.35,3.85,3.45,0.95,0.15,1068.15,119814.0,0.136546,0.075322,0.817377,2.4e-05,0.081501
fy6hkpo1njg,Notre Dame's Matt Farrell & Family Surprised By Military Brother,7315.0,109.0,1507951.0,0.0,13.0,17.0,5.0,3488.0,1099.3560982902497,0.0,0.0,0.0,0.0,0.0,221.9,731.0,0.833326,0.157446,0.000376,0.005012,0.107615
haXvp8M9Cog,Blade Runner 2049 Announcement,52690.0,106.0,6705263.0,0.0,24.0,24.0,4.0,4538.0,603.6122674552641,0.55,1951.35,203.45,1.0,0.15,8170.9,7338.0,0.675592,0.016768,0.0261,0.059863,0.152233
eEK0Znss5lI,DOCTOR NEEDED: Reporter Gets Sick at President Obama's Year-End News Conference,10401.0,139.0,1724833.0,0.0,11.0,25.0,1.0,1582.0,934.7795820150617,0.15,2.9,0.35,0.05,0.05,251.35,5807.0,0.830321,0.159872,0.000251,0.015589,0.097333
zZek9PFMYOw,"All-New ""DuckTales"" Cast Sings Original Theme Song | Disney XD",41338.0,82.0,3686319.0,0.0,17.0,24.0,5.0,6741.0,0.0,0.5,338.9,49.4,0.0,0.0,4126.25,5776.0,0.700723,0.035911,0.048665,0.017969,0.155093
6DBi41reeF0,Despicable Me 3 - Official Trailer - In Theaters Summer 2017 (HD),82129.0,150.0,19392975.0,0.0,40.0,24.0,1.0,1205.0,696.5699196077254,0.15,4.0,1.85,1.0,0.0,4227.75,11447.0,0.391191,0.135677,0.009372,0.327609,0.169509
u-w5wbu7GBE,The Lead with Jake Tapper Cold Open - SNL,21763.0,4.0,3920560.0,1.0,11.0,24.0,8.0,2659.0,568.95698452389,0.35,39.8,2.05,0.05,0.05,851.95,2490.0,0.864739,0.138185,0.096055,0.001368,0.095769
xrzXIaTt99U,FIRST OFFICIAL Trailer for Spider-Man: Homecoming,263227.0,137.0,24071035.0,0.0,196.0,23.0,9.0,1371.0,455.5084202933517,1.5,2974.3,511.95,0.05,0.0,9121.0,35169.0,0.202408,0.135323,0.05197,0.526958,0.131984
Y39LE5ZoKjw,DELETING MY CHANNEL,1541893.0,104.0,27265920.0,1.0,34.0,20.0,0.0,3418.0,274.17671811283884,0.7,425.35,61.45,1.0,0.1,2813.55,215758.0,0.7772,0.168687,0.093137,0.000753,0.204656
_GuOjXYl5ew,YouTube Rewind: The Ultimate 2016 Challenge | #YouTubeRewind,2866713.0,413.0,179114340.0,1.0,107.0,25.0,84.0,0.0,48.416604915548376,2.25,72.25,63.35,4.6,0.25,19050.5,612112.0,0.440808,0.267736,0.011072,0.001313,0.39543
FIRT7lf8byw,Man punches a kangaroo in the face to rescue his dog (Original HD),365325.0,113.0,39390442.0,0.0,76.0,15.0,5.0,6192.0,1975.7504448287095,0.85,14.0,3.15,1.0,0.05,12558.3,77894.0,0.806755,0.206208,0.133106,0.001096,0.069221
dW1BIid8Osg,Guardians of the Galaxy Vol. 2 Teaser Trailer,213672.0,133.0,14509048.0,0.0,244.0,24.0,7.0,652.0,294.7714178373831,0.25,8.45,0.8,0.9,0.0,0.0,17158.0,0.527217,0.074629,0.001053,0.220669,0.130709
09NWpTxIuHc,CNN Crew Jokes AboutTrump's Plane Crashing - FTVLive,6287.0,105.0,2597998.0,0.0,8.0,23.0,0.0,7657.0,4171.732537577365,0.2,65.1,1.7,0.0,0.0,160.35,7843.0,0.81392,0.214034,0.000995,0.000584,0.074409
LAWo9_V2qOg,The Mummy - Trailer Tease (HD),23728.0,16.0,7312161.0,0.0,65.0,24.0,2.0,10806.0,788.6042947419306,0.35,88.3,41.85,0.3,0.05,0.0,4713.0,0.776558,0.140879,0.102401,0.004895,0.213036
1fnlVG8in-Y,Gross Milk at Catskill High School,41452.0,33.0,4189427.0,0.0,5.0,22.0,0.0,0.0,1281.7190635451504,0.15,3.25,0.4,0.05,0.05,61.95,13719.0,0.476794,0.558457,0.000229,7e-06,0.068558
T7jL0NJ98Nc,Wonder Woman vs Stevie Wonder.  Epic Rap Battles of History.,244167.0,154.0,11682134.0,0.0,11.0,24.0,18.0,2570.0,181.47026659899828,0.35,2.5,0.95,1.0,0.1,1229.35,94028.0,0.742108,0.059152,0.001613,0.005373,0.220105
GS_ywxv3uzI,Justin Bieber Punches Fan in Barcelona | TMZ,73494.0,77.0,14421135.0,0.0,64.0,24.0,17.0,4380.0,861.016621209175,0.15,8.3,4.65,0.0,0.0,1612.3,45589.0,0.712761,0.342574,0.043749,0.0,0.057527
JUWSLlz0Fdo,Donald Trump Prepares Cold Open - SNL,90277.0,369.0,12377416.0,1.0,26.0,24.0,8.0,2659.0,568.95698452389,0.45,70.55,26.2,0.35,0.0,4648.15,16175.0,0.784416,0.224306,0.000286,0.001806,0.092905
2RRY3OVqtwc,Britney Spears - Slumber Party ft. Tinashe,443502.0,245.0,48327012.0,0.0,55.0,10.0,19.0,2390.0,784.626570037717,0.4,13.4,5.55,0.05,0.0,24628.5,60132.0,0.860161,0.020491,0.002559,0.007255,0.123054
W_5dU5gYd7g,Why Fake News Is A Problem That's Not Getting Fixed Anytime Soon,124969.0,543.0,1422982.0,1.0,4.0,24.0,31.0,7343.0,355.2849403947688,0.0,0.0,0.0,0.0,0.0,119.55,13871.0,0.560283,0.457743,0.059671,0.0,0.075364
EC7H99-7wxk,Ash Ketchum vs Charles Darwin.  Epic Rap Battles of History.,283163.0,145.0,13738149.0,0.0,17.0,24.0,20.0,6415.0,181.47026659899828,0.4,2.8,2.1,1.0,0.05,1739.2,95038.0,0.784522,0.241619,0.06484,1e-06,0.073689
l161Qqc5lUk,#1 MC in Hollywood: Shia LaBeouf Freestyles 5 Fingers of Death with Oswin Benjamin,90575.0,650.0,5432014.0,0.0,13.0,24.0,9.0,8015.0,344.8032754553777,0.75,58.4,7.75,0.4,0.05,3741.25,14728.0,0.805736,0.186622,0.022157,0.00017,0.133922
-PABOf09aes,Obama Mocks Trump For Getting His Twitter Confiscated,44762.0,49.0,3222105.0,0.0,10.0,25.0,0.0,488.0,2406.651154626902,5.0,159384.4,29053.6,0.05,0.05,1944.3,13822.0,0.645801,0.088618,0.000985,0.019573,0.18123
xXH5agV7skw,President Obama: FULL INTERVIEW | Real Time with Bill Maher (HBO),41149.0,2223.0,3419762.0,0.0,18.0,1.0,24.0,5950.0,287.8840516817673,1.05,42.3,15.4,0.5,0.05,5834.7,14583.0,0.841292,0.028395,0.000102,0.018709,0.111657
SZDmuHSqwtg,Future - Used to This ft. Drake,433882.0,230.0,53855395.0,0.0,18.0,10.0,14.0,3269.0,511.06178277389904,0.2,2.1,2.55,1.3,0.1,9581.1,36961.0,0.538803,0.025755,0.004031,0.076485,0.350509
1Q8fG0TtVAY,WONDER WOMAN - Official Trailer [HD],198656.0,151.0,18631165.0,0.0,194.0,24.0,3.0,997.0,603.6122674552641,0.5,19.5,10.2,1.05,0.1,10570.25,25564.0,0.723997,0.025236,0.026279,0.081764,0.128251
ob-LJqPQEJ4,Peter Thiel speaks at The National Press Club,5213.0,3396.0,616946.0,0.0,12.0,25.0,0.0,1340.0,514.8905440414508,1.65,140.95,9.6,0.05,0.0,316.05,1303.0,0.800823,0.118086,0.002088,0.011123,0.116105
uCTTeql6V-A,Film Theory: ENDING The Salad Fingers Mystery,127269.0,794.0,5232782.0,1.0,7.0,1.0,9.0,5641.0,77.0572413416973,0.35,2.5,0.65,0.2,0.0,108.9,18776.0,0.696372,0.19177,0.067736,0.00064,0.102965
-T5bVCs3Nsg,Steven Yeun Already Has A New Post ‚ÄúWalking Dead‚Äù Job  - CONAN on TBS,69268.0,121.0,3698565.0,0.0,63.0,23.0,9.0,809.0,661.3764956132105,5.0,159383.3,29053.6,0.05,0.05,412.5,3589.0,0.105603,0.058155,0.046066,0.040702,0.871491
X5Cfi7U4eL4,Lady Gaga Carpool Karaoke,660672.0,912.0,33882466.0,1.0,11.0,24.0,8.0,1263.0,245.97642118977174,0.25,13.3,3.65,1.7,0.25,22874.5,50082.0,0.010935,0.006403,0.014026,0.703917,0.176208
An2Dq6FcMjU,Pok√©mon GO - Halloween Is Approaching...,13287.0,31.0,2820126.0,0.0,52.0,20.0,0.0,4203.0,119.39316023256654,0.35,99.65,42.05,0.0,0.0,475.75,3989.0,0.804954,0.04967,0.001882,0.009188,0.155918
-kjyltrKZSY,Donald Trump vs. Hillary Clinton Third Debate Cold Open - SNL,135614.0,590.0,18766607.0,1.0,44.0,24.0,8.0,2659.0,568.95698452389,5.0,159382.85,29053.6,0.05,0.0,5473.1,24163.0,0.732046,0.28148,0.000227,0.000163,0.090725
f5uik5fgIaI,First Look at Nintendo Switch,528633.0,217.0,23145691.0,0.0,802.0,20.0,7.0,1042.0,262.8166686964641,3.65,7761.4,1917.05,1.4,0.15,11997.35,137572.0,0.694112,0.018818,0.002244,0.091422,0.189613
hDc8PVCvfKs,Rigging the Election - Video II:  Mass Voter Fraud,87899.0,992.0,3865859.0,0.0,20.0,22.0,4.0,447.0,199.0150119556798,5.0,6141.3,415.15,0.35,0.0,14486.45,22331.0,0.842659,0.175819,0.002374,0.001124,0.082394
5IuJGHuIkzY,Rigging the Election - Video I: Clinton Campaign and DNC Incite Violence at Trump Rallies,110695.0,987.0,6392989.0,0.0,38.0,22.0,3.0,447.0,199.0150119556798,5.0,3068.8,348.9,0.25,0.0,30409.8,27914.0,0.810133,0.21565,0.007055,0.0,0.077774
k3O01EfM5fU,Third Parties: Last Week Tonight with John Oliver (HBO),89678.0,1119.0,7919563.0,0.0,73.0,24.0,4.0,2207.0,221.11601248537752,1.5,76.5,67.45,0.05,0.05,10119.0,24989.0,0.610656,0.412645,0.000675,0.0,0.079792
RQ4I_0DP4fc,"Meet Silvally, Kommo-o, and Other Stunning Pok√©mon in Pok√©mon Sun and Pok√©mon Moon!",58537.0,175.0,4222402.0,0.0,15.0,20.0,11.0,4203.0,192.40170249161713,0.5,320.5,128.7,0.0,0.0,827.85,9122.0,0.663599,0.025424,0.0067,0.14997,0.169581
N5kp3WYniRQ,Moderator Fail | Donald J. Trump for President,19919.0,72.0,1976922.0,0.0,5.0,25.0,0.0,499.0,238.6031948330714,0.55,6.3,0.35,0.0,0.0,488.1,9589.0,0.716017,0.319928,0.051129,0.0,0.066587
1xo3af_6_Jk,Teaser Trailer: Pirates of the Caribbean: Dead Men Tell No Tales,156069.0,110.0,18417754.0,0.0,222.0,1.0,2.0,2173.0,680.4375797798867,0.5,1363.25,176.95,1.0,0.05,9887.4,15729.0,0.818852,0.019517,0.021798,0.014575,0.148626
-nQGBZQrtT0,Donald Trump vs. Hillary Clinton Debate Cold Open - SNL,159826.0,586.0,22775200.0,1.0,366.0,24.0,8.0,2648.0,568.95698452389,5.0,159381.5,29053.6,0.5,0.05,14655.4,26992.0,0.842009,0.049853,0.000265,0.003159,0.177905
UqADuUBMoZ4,five million,103232.0,862.0,2916821.0,0.0,1.0,22.0,17.0,1203.0,221.51844766644658,0.1,3.75,3.8,0.05,0.05,46.75,12763.0,0.428972,0.028942,0.017434,0.273635,0.225728
wpeDdqcU_VY,Trump vs. Clinton - SNL,7649.0,28.0,1835801.0,0.0,25.0,24.0,8.0,2659.0,568.95698452389,0.1,1.55,0.15,0.25,0.05,310.9,934.0,0.787788,0.043297,0.007362,0.030171,0.112555
34Na4j8AVgA,The Weeknd - Starboy (official) ft. Daft Punk,2712316.0,274.0,494735612.0,1.0,70.0,10.0,7.0,2251.0,471.49229180561383,1.15,31.5,6.15,1.0,0.1,147063.3,199316.0,0.235497,0.005447,0.051384,0.194071,0.529847
0qF5_P2e_T0,OMG! Cockroach Giving Birth While Being Devoured By Fire Ants,94398.0,1087.0,8447633.0,0.0,8.0,15.0,16.0,9505.0,102.45111716503504,0.35,4.15,0.95,0.4,0.05,293.2,65706.0,0.587201,0.186109,0.169554,0.040295,0.170036
TKOdMA97FGM,SCARIEST MOMENT OF MY LIFE IN NYC,107832.0,645.0,3374661.0,0.0,3.0,22.0,15.0,1203.0,222.50775982897062,0.2,3.9,3.8,0.1,0.05,32.0,7200.0,0.420052,0.192851,0.126545,0.01269,0.209463
xrkPe-9rM1Q,Between Two Ferns With Zach Galifianakis: Hillary Clinton,179224.0,348.0,14375037.0,1.0,144.0,23.0,10.0,725.0,313.2010863705389,1.95,78.6,20.5,0.6,0.0,19125.15,27533.0,0.787659,0.225784,0.06178,0.0,0.098199
7BWWWQzTpNU,PASSENGERS - Official Trailer (HD),111989.0,163.0,20548998.0,0.0,333.0,24.0,4.0,235.0,1088.9657416164127,0.5,771.95,188.9,1.05,0.05,5378.8,14944.0,0.83665,0.09202,0.023952,0.047201,0.089194
84WIaK3bl_s,"THE $21,000 FIRST CLASS AIRPLANE SEAT",446962.0,545.0,29675416.0,0.0,49.0,22.0,15.0,3605.0,221.51844766644658,0.1,6.1,4.7,0.0,0.0,4052.75,45761.0,0.438076,0.306854,0.000771,0.314975,0.037998
oYCoyUxY2HY,Pentatonix & Dolly Parton - Jolene,274193.0,141.0,20842056.0,0.0,11.0,10.0,36.0,8463.0,177.64347436324894,0.3,3.25,0.75,1.15,0.15,23402.8,12982.0,0.191418,0.094924,0.001975,0.294755,0.422056
McaSkk9d_2E,Michael Phelps syncs ‚ÄúLose Yourself‚Äù by Eminem | Lip Sync Battle: All-Stars Live,15497.0,123.0,4016658.0,1.0,19.0,24.0,9.0,560.0,301.1244476380776,0.15,2.05,0.35,0.0,0.0,3609.35,1344.0,0.795722,0.147969,0.012112,0.003221,0.17073
Iv4x-eLXlps,Drake Freaks Out After Multi-Million Dollar Jewelry Heist | TMZ,4308.0,41.0,2481195.0,0.0,8.0,24.0,18.0,4443.0,863.5964472189659,0.05,0.0,0.0,0.0,0.0,17.95,2921.0,0.77563,0.164778,0.001321,2e-06,0.224169
YFbMGKvN6ts,Ultra Beasts and the Aether Foundation Debut in Pok√©mon Sun and Pok√©mon Moon!,53588.0,169.0,4648211.0,0.0,27.0,20.0,11.0,4203.0,192.40170249161713,0.7,495.5,204.65,0.1,0.05,1012.1,11637.0,0.871212,0.08327,0.094335,0.023323,0.097787
YYIGq-q-RfY,SHE SAID YES!!,100471.0,1512.0,4340066.0,0.0,3.0,22.0,7.0,1551.0,135.35558969737292,0.0,0.0,0.0,0.9,0.25,13.4,24180.0,0.0,0.0,0.0,0.0,0.0
1DCuwoWAzQ0,it's gone..,70040.0,447.0,1273239.0,0.0,0.0,22.0,7.0,1551.0,134.57720957408588,0.0,0.0,0.0,1.0,0.15,0.0,14464.0,0.0,0.0,0.0,0.0,0.0
CsTuHGpLJfM,Get a Special Munchlax for Pok√©mon Sun and Pok√©mon Moon!,53343.0,95.0,4780878.0,0.0,8.0,20.0,11.0,2789.0,192.40170249161713,0.25,404.55,94.05,0.05,0.05,940.75,9442.0,0.792008,0.090626,0.003549,0.000594,0.207965
aXWG_kKDZlY,Stranger Things 2 | Netflix,64012.0,57.0,5037915.0,0.0,398.0,24.0,8.0,343.0,444.20121368791905,0.3,22.6,5.9,1.1,0.4,5827.85,7514.0,0.754018,0.051425,0.045819,0.022947,0.170465
15I8eIqh9iI,IT'S HUGE! Giant Black Slug!,139306.0,492.0,13054899.0,1.0,27.0,15.0,9.0,6250.0,129.81677497200118,0.45,80.1,11.2,0.0,0.0,360.2,19504.0,0.493494,0.470773,0.005715,0.000374,0.134439
HGcc3LyANtA,Drake Presents Rihanna w/ Vanguard Award | 2016 Video Music Awards | MTV,68415.0,248.0,10818050.0,0.0,23.0,24.0,9.0,893.0,328.1706437692505,0.1,21.05,10.85,0.0,0.0,1398.2,7749.0,0.108524,0.039713,0.002686,0.569797,0.193451
ZN0pqkKhf1o,Making my Mom Rap like Eminem!,360497.0,375.0,6528122.0,1.0,19.0,24.0,9.0,688.0,165.03843413532087,0.15,6.45,1.1,0.2,0.05,819.6,27473.0,0.236536,0.05403,0.010627,0.563262,0.204541
pSd9hiBGoE0,Britney Spears Carpool Karaoke,328807.0,590.0,29980833.0,1.0,20.0,24.0,7.0,1219.0,243.83307546764138,0.25,4.15,3.0,1.15,0.25,10961.35,49826.0,0.517019,0.098921,0.000322,0.209563,0.101697
8O6P7eBHfDY,Stephen Colbert's Tinfoil Hat,9127.0,373.0,1221607.0,1.0,9.0,24.0,10.0,4841.0,500.78291959802317,0.2,4.05,0.2,0.15,0.05,65.7,2510.0,0.822369,0.171801,0.107222,0.0,0.108782
A5hDMeuW12Y,Jay Z Manhandles Crazed Beyonce Fan | TMZ,3456.0,39.0,2521814.0,0.0,23.0,24.0,17.0,3344.0,861.016621209175,0.05,0.0,0.0,0.0,0.0,31.3,4557.0,0.707767,0.313689,0.00751,2e-06,0.08246
to8yh83jlXg,"Overwatch Animated Short | ""The Last Bastion""",282563.0,443.0,12429327.0,0.0,32.0,20.0,5.0,678.0,134.12758917365153,1.8,2296.45,310.8,1.0,0.1,4135.35,51752.0,0.584911,0.01504,0.134904,0.000333,0.365793
tFMo3UJ4B4g,Arrival Trailer (2016) - Paramount Pictures,76427.0,146.0,15542374.0,0.0,827.0,1.0,11.0,1415.0,1053.8407148117915,0.7,750.65,111.95,0.65,0.05,6895.9,13984.0,0.881039,0.125286,0.106631,0.006437,0.086051
4U2eDJnwz_s,Auto Lending: Last Week Tonight with John Oliver (HBO),67085.0,1076.0,6626709.0,0.0,159.0,24.0,4.0,2207.0,220.4633267847666,1.2,49.7,33.1,0.0,0.0,1065.4,8740.0,0.843753,0.183444,0.041604,0.000442,0.06662
B-tC0wcIu24,"Rangoon | Official Trailer | Shahid Kapoor, Saif Ali Khan and Kangana Ranaut",85620.0,201.0,11123252.0,1.0,6.0,24.0,3.0,338.0,662.9869644604349,0.525243089004403,1.575729267013209,1.3656320314114478,2.4708218930611414,0.2059018244217618,7023.339103048561,3342.0,0.552974,0.02479,0.065448,0.20884,0.118494
JK2A_ehA8Nc,Junko Mizuno's TRIAD Pop Up Book,420.0,61.0,40515.0,0.0,0.0,24.0,1.0,3260.0,459.2929292929293,0.0,0.0,0.0,0.1,0.0,0.0,103.0,0.689822,0.067734,0.001334,0.090755,0.121712
Z9eMk051dYg,"Chris Brown - Party (Official Video) ft. Gucci Mane, Usher",576515.0,303.0,40271894.0,0.0,13.0,10.0,9.0,2684.0,515.6108445144589,0.2,1.3,0.9,1.0,0.1,22313.3,34651.0,0.224262,0.115138,0.001097,0.227999,0.45563
WQPR2WCaAwk,THE YOUTUBER CONFESSIONAL | POINTLESSBLOG,143712.0,649.0,1801403.0,0.0,2.0,23.0,5.0,2400.0,118.26995095856665,0.0,0.0,0.0,0.55,0.05,0.0,5012.0,0.806878,0.120508,0.034406,0.02259,0.182953
P3gf6qyAHOw,Top 10 Worst Reasons You Liked Rogue One,19065.0,1454.0,555776.0,0.0,1.0,1.0,5.0,0.0,82.39905268121223,0.06860501614712086,0.0,0.20581504844136259,1.3592710808046662,0.06796355404023331,673.4582505255586,10677.0,0.830301,0.074726,0.130626,0.040243,0.099002
yXhFGO8R7aU,Stephen Colbert Signs Off on the 2016 Presidential Election | Live Election Night | SHOWTIME,99695.0,573.0,10021586.0,0.0,175.0,24.0,7.0,0.0,1638.3266592787827,0.9,39.3,8.55,0.05,0.05,15103.2,24720.0,0.815409,0.21286,0.000826,0.0,0.074685
LKFuXETZUsI,Moana Official Trailer,123725.0,155.0,19721721.0,0.0,466.0,1.0,4.0,0.0,690.0124783912244,0.55,199.2,38.55,1.0,0.1,5203.4,13357.0,0.015901,0.001981,0.001286,0.710991,0.175678
SBDwjEhPd98,Billy on the Street: Jacob Tremblay Is More Successful Than You,6887.0,201.0,422249.0,0.0,10.0,23.0,0.0,1405.0,200.62626668728416,0.05,0.1,0.0,0.1,0.05,122.8,715.0,0.390899,0.151189,0.009782,0.171762,0.18415
1KrjBPIyzUg,Experience the Magic of the Holidays with Icelandic Glacial,1547.0,84.0,244887.0,0.0,3.0,25.0,1.0,0.0,1094.9502487562188,0.0,0.0,0.0,0.15,0.0,798.75,158.0,0.259441,0.200465,0.01401,0.346345,0.233329
omoM8Xypiwk,about my HOLIDAY MOVIE..,87200.0,559.0,2323342.0,0.0,4.0,22.0,3.0,1194.0,221.52518670308342,0.1,5.1,6.55,0.15,0.05,0.0,11073.0,0.249226,0.126163,0.002195,0.472345,0.119138
5OfVHRpGrRc,"""Silicon Valley"" Wins Best Comedy Series | 22nd Annual Critics' Choice Awards | A&E",512.0,81.0,182754.0,0.0,5.0,24.0,7.0,1237.0,885.6824367213732,0.0,0.0,0.0,0.0,0.0,0.0,174.0,0.507525,0.300971,0.009396,0.044053,0.111082
7TJ7IUNWGl4,Jimmy Fallon Debuts the Nintendo Switch,100312.0,581.0,5244859.0,0.0,31.0,23.0,12.0,1033.0,498.0785130674367,1.05,643.85,97.8,1.0,0.1,2420.15,16914.0,0.613316,0.035262,0.002345,0.26116,0.105221
mUkv_jPgTeg,"Jon Stewart on President-elect Trump, hypocrisy in America",81982.0,357.0,8540101.0,0.0,25.0,25.0,0.0,1726.0,1014.905497664391,1.5,851.85,296.4,0.0,0.0,7977.9,27436.0,0.840778,0.194662,0.001831,0.001989,0.06447
Z8Ws4PEky28,David Blaine Shocks Jimmy and The Roots with Magic Tricks,108982.0,677.0,11292569.0,0.0,21.0,23.0,12.0,799.0,498.06583593481923,0.55,1731.3,164.2,1.05,0.15,3123.45,12505.0,0.470851,0.498497,0.057621,9.1e-05,0.097393
hggabHmAdxY,Undercover Journalist in Full Burka Is Offered Huma Abedin's Ballot,7214.0,203.0,1452086.0,0.0,6.0,25.0,1.0,760.0,594.2254957866058,0.9,27.75,2.1,0.15,0.0,607.65,2297.0,0.733577,0.288041,0.001374,0.0,0.093576
YQMOEnwOP-c,10 Mysterious Photos That Should Not Exist,49428.0,594.0,3285883.0,1.0,5.0,27.0,17.0,0.0,146.23267753544394,0.1,0.05,0.0,0.2,0.05,37.4,8188.0,0.559689,0.189153,0.342993,1e-06,0.113939
6Op9Bkpeu4s,RIGGED!!! | Full Frontal with Samantha Bee | TBS,16463.0,343.0,2348245.0,1.0,11.0,22.0,2.0,1261.0,253.45581329347436,0.4,10.8,2.0,0.0,0.0,1895.65,3371.0,0.790113,0.163438,0.005372,0.00832,0.132154
9NoSSCmaHn4,The bravest thing I've ever done,87885.0,112.0,4079083.0,0.0,19.0,15.0,0.0,9323.0,660.2644435295732,0.2,1.2,0.35,0.1,0.1,547.25,10690.0,0.61767,0.438088,0.015928,0.00206,0.022656
lYEeb4U6ZYs,iPhone 7 Water Test! Secretly Waterproof?,70235.0,619.0,8542893.0,0.0,10.0,24.0,4.0,5487.0,225.70883942342354,0.0,0.0,0.0,0.2,0.05,327.8,10867.0,0.773023,0.284497,0.098854,0.000186,0.026475
wz2opOBqClo,Waffle the Kenyan Sand Boa playing with his new toy!,165174.0,40.0,14100092.0,0.0,24.0,15.0,1.0,5334.0,639.642551815798,1.0,76.15,4.55,0.0,0.0,922.05,15017.0,0.202465,0.169244,0.285872,0.292201,0.160352
6e-2bEeuGZ0,"IMPOSSIBLE FLIP CHALLENGE CON OGGETTI ASSURDI! - SFIDO LUKAS GYM, IPALBOY, ECC.",32135.0,364.0,233101.0,0.0,0.0,23.0,3.0,0.0,55.80780290531069,0.0,0.0,0.0,0.297750584157556,0.148875292078778,0.0,880.0,0.193163,0.072548,0.032653,0.114271,0.646756
IcTOOFXAGeE,Honest Trailers - Bill & Ted's Excellent Adventure,24843.0,239.0,1116316.0,0.0,449.0,1.0,15.0,0.0,260.3665691269118,0.17277679122640638,1.4686027254244542,0.08638839561320319,0.1706696032081988,0.0,233.9657688565257,3567.0,0.212327,0.157841,0.219412,0.160079,0.389863
HQGtwg65xGo,Honest New Year's,24189.0,193.0,881973.0,0.0,4.0,23.0,4.0,0.0,446.5155919316364,0.0,0.0,0.0,1.1363261666554143,0.41864648245199476,119.45866119312844,1298.0,0.30537,0.01667,0.000355,0.427407,0.162057
p8cwIA50DOY,Modulated Arc Lighter - Imperial March,2459.0,30.0,184925.0,1.0,7.0,28.0,3.0,2934.0,902.134477825465,0.12879805008085035,1.6743746510510547,0.3863941502425511,0.06377639642686654,0.06377639642686654,0.0,312.0,0.289066,0.174338,0.007655,0.533957,0.024337
KR4d4CRhGgk,"Carrie Fisher ""Star Wars"" Interview in France 1977",2360.0,146.0,185670.0,0.0,2.0,22.0,0.0,285.0,2840.030303030303,0.2575583379379671,3.8633750690695066,0.3219479224224589,0.4463323878598167,0.06376176969425953,60.66881748604883,424.0,0.020448,0.01181,0.002274,0.763262,0.176822
NbLP_SmhtuM,SPIDER-MAN: HOMECOMING - Trailer Tease,95308.0,18.0,7654460.0,0.0,125.0,24.0,1.0,1371.0,1083.463994642205,0.5,1230.15,200.0,0.0,0.0,2604.55,8212.0,0.069179,0.130114,0.067395,0.639332,0.048504
jzae4DKexko,***OMG!*** NEW ‚ÄúWill & Grace‚Äù scene about 2016 Election.,54679.0,578.0,6760838.0,0.0,192.0,24.0,0.0,3673.0,828.6605192059203,0.55,10.75,1.7,0.35,0.05,25603.2,7785.0,0.797366,0.178981,0.000388,0.005912,0.110174
8bTPeSyn2Pk,Garth Brooks Honors James Taylor At The Kennedy Center Honors,420.0,162.0,279381.0,1.0,4.0,24.0,0.0,1467.0,1517.6874488414355,0.0,0.0,0.0,0.0,0.0,0.0,74.0,0.431467,0.050174,0.00115,0.297708,0.159634
At3xcj-pTjg,HUMAN FLYING DRONE,359872.0,253.0,7765307.0,0.0,41.0,22.0,2.0,1194.0,221.52518670308342,1.1,626.9,93.4,0.9,0.1,5136.0,26573.0,0.724781,0.21732,0.012341,0.009362,0.152697
wuSDfVRGI54,Strange Bedfellows | Full Frontal with Samantha Bee | TBS,12703.0,471.0,1029814.0,1.0,29.0,22.0,0.0,1262.0,253.54216144601116,0.45,53.95,23.1,0.5,0.05,807.55,1790.0,0.776764,0.079609,0.126713,0.018983,0.121922
tVjv8I0BlU4,Bill Maher Just Broke His Silence to Address Donald Trump,37751.0,505.0,4017413.0,0.0,8.0,25.0,1.0,4650.0,318.0573230747903,0.7,6.85,3.2,1.0,0.15,1359.35,24749.0,0.822342,0.204847,7.2e-05,0.006819,0.069608
vNySOrI2Ny8,Amazon Prime Air‚Äôs First Customer Delivery,16117.0,126.0,1657797.0,1.0,8.0,28.0,1.0,0.0,2263.2247826037665,0.25,6.35,4.35,0.0,0.0,1163.0,3406.0,0.642293,0.366057,0.152767,0.000279,0.025566
Ga3ccW-cRno,Ryan Gosling Gushes About His Girls,34165.0,316.0,3337955.0,1.0,15.0,24.0,0.0,2437.0,443.7209735796093,0.0,0.0,0.0,0.6,0.05,89.65,1570.0,0.073026,0.05147,0.002816,0.653286,0.215563
7Vj5M0qKh8g,THE RUBY PLAYBUTTON / YouTube 50 Mil Sub Reward Unbox,2596805.0,609.0,25476894.0,1.0,7.0,24.0,1.0,3403.0,274.18580809483024,0.25,14.3,9.8,1.0,0.05,282.95,506195.0,0.480035,0.111969,0.004639,0.276755,0.061782
QYaH5nU1Ls0,"Shep ""Shepard"" Smith reveals the horrible truth behind Hurricane Matthew",15112.0,20.0,2124333.0,0.0,32.0,22.0,0.0,2457.0,3031.6191155492156,0.25,38.4,7.5,0.05,0.05,1045.45,4032.0,0.140024,0.137821,0.773637,0.003488,0.122295
eDOo3v2ntHI,Yes We Can: People Share Their Most Memorable Moments from the Obama Presidency,10869.0,350.0,3061906.0,1.0,20.0,25.0,0.0,0.0,138.3393828192985,1.1489013622419024,35.09371433757084,4.491159870581982,2.2641250710206324,0.10291477595548329,13416.384469302482,1702.0,0.787728,0.130001,0.003966,0.018731,0.163576
g7m4VPs6OLk,The One and Only Carrie Fisher,22198.0,108.0,790138.0,0.0,13.0,24.0,0.0,277.0,447.78361983562644,0.15747925295229562,0.6299170118091825,0.07873962647614781,1.8077183177921172,0.0,0.1576600852395846,0.0,0.0,0.0,0.0,0.0,0.0
VDinoNRC49c,Come Together ‚Äì directed by Wes Anderson starring Adrien Brody ‚Äì H&M,86080.0,233.0,9514890.0,1.0,95.0,24.0,0.0,2859.0,580.8059594976189,0.4,104.85,14.3,1.0,0.0,12789.25,0.0,0.0,0.0,0.0,0.0,0.0
86D7AGm5sHk,Apple Music ‚Äì Drake vs. Bench Press,55153.0,61.0,2967994.0,1.0,23.0,28.0,1.0,4366.0,56.1578319857908,0.5,52.5,18.9,0.95,0.0,525.2,0.0,0.0,0.0,0.0,0.0,0.0
4ZNWYqDU948,Watch first lady Michelle Obama‚Äôs full speech at the 2016 Democratic National Convention,71693.0,886.0,6025491.0,1.0,57.0,25.0,0.0,2229.0,568.9192065241349,0.45,1.65,0.65,1.7,0.0,19954.95,0.0,0.0,0.0,0.0,0.0,0.0
QZTdKc3ESRY,AWESOME GTA 5 STUNTS & FAILS Funny Moments Compilation,1.0,1007.0,16.0,0.0,45.0,20.0,0.0,1569.0,57.53333333333333,0.0,0.0,0.0,2.9088671087101283,0.0,0.0,6.0,0.141169,0.068522,0.125924,0.218685,0.489611
ckoXp1hJ-GU,How Its Made 202 -- Fibre Optics - Bricks - Pipe Organs,38.0,997.0,4487.0,0.0,1.0,28.0,1.0,9101.0,6.259803215742741,0.0,0.0,0.0,3.4428535446104385,0.0,0.0,5.0,0.123813,0.219987,0.170739,0.080904,0.486654
_CdJ4oae8f4,Self-Driving Uber running red light,5141.0,31.0,1767619.0,0.0,43.0,2.0,0.0,-1.0,4843.919137466307,0.2,39.4,14.3,1.25,0.0,151.35,2973.0,0.805491,0.10221,0.119566,0.002065,0.108427
59sYGY33voY,"ALL judges shocked! Real Talent Little Girl 9 yo Singing ""HURT"" by Christina Aguilera!",75.0,246.0,13050.0,0.0,0.0,22.0,0.0,-1.0,830.1158512720157,0.0,0.0,0.0,0.0,0.0,0.0,4.0,0.01737,0.106434,0.008102,0.534555,0.38477
Nhz9PCbnkkQ,Johnny Depp Goes Off on Amber Heard... Hurls Wine Glass | TMZ,6617.0,97.0,6965732.0,0.0,22.0,24.0,17.0,5853.0,861.016621209175,0.15,2.7,6.85,0.05,0.05,502.55,13558.0,0.703279,0.324837,0.122294,0.0,0.057118
Nrvdij8ab-Y,Britney Spears Pranks Jimmy Kimmel in the Middle of the Night,71879.0,187.0,9234825.0,0.0,5668.0,23.0,9.0,5371.0,455.5084202933517,0.2,0.8,0.55,0.05,0.0,1233.2,5277.0,0.574401,0.270807,0.002797,0.029506,0.22121
ZMgUUn6-V5A,Ryan Stock & AmberLynn: Daredevil Team Suffers From Scary Mistake - America's Got Talent 2016,8245.0,149.0,5705444.0,0.0,127.0,24.0,19.0,2999.0,373.59209017862,0.05,0.0,0.05,0.0,0.0,93.55,3233.0,0.566727,0.266551,0.086469,3.3e-05,0.278157
3AZHowhxM0U,Alola Forms and Z-Moves Revealed for Pok√©mon Sun and Pok√©mon Moon!,97736.0,315.0,9720116.0,0.0,16.0,20.0,11.0,2789.0,192.40170249161713,0.45,89.75,51.65,0.0,0.0,3006.2,26925.0,0.307423,0.018281,0.200246,0.10204,0.361694
mDU-5jwPKmQ,French Montana - No Shopping ft. Drake,378174.0,322.0,61188309.0,0.0,11.0,10.0,9.0,3001.0,486.92992659525623,0.35,3.95,0.45,0.9,0.15,0.0,26905.0,0.074158,0.227674,0.002229,0.013153,0.701074
LsA84bXrBZw,Kanye West - Wolves (Balmain Campaign),189676.0,421.0,16412553.0,1.0,179.0,10.0,1.0,0.0,638.1807222488079,0.35,82.7,12.5,1.0,0.1,9786.4,23334.0,0.074793,0.001793,0.002844,0.640335,0.268646
LvkFkzpVYJ4,WERD: The Lesser of Two Evils,23246.0,406.0,2903885.0,1.0,44.0,24.0,10.0,485.0,498.1155769830198,0.2,11.15,3.45,0.05,0.05,377.45,4459.0,0.860297,0.082406,0.004656,0.002191,0.063485
iokOJVtwrck,Jon Dorenbos: NFL Magician Makes Stunning Artistic Predictions - America's Got Talent 2016,43590.0,299.0,4958842.0,0.0,59.0,24.0,19.0,3029.0,373.59209017862,0.0,0.0,0.0,0.0,0.0,402.4,2601.0,0.572355,0.352337,0.091731,2.2e-05,0.098568
zNdkrtfZP8I,Republican National Convention: Last Week Tonight with John Oliver (HBO),83546.0,692.0,7491665.0,0.0,89.0,24.0,4.0,2183.0,220.4633267847666,0.75,34.1,5.35,0.0,0.0,5746.4,14241.0,0.763967,0.207788,0.028849,0.013258,0.099584
ChpLV9AMqm4,John Wick: Chapter 2 (2017 Movie) Official Trailer ‚Äì ‚ÄòWick Goes Off‚Äô,26261.0,108.0,3519905.0,0.0,43.0,1.0,4.0,0.0,1137.6927085906239,0.45,758.35,67.3,1.0,0.1,4233.45,2463.0,0.718518,0.233706,0.114968,0.041425,0.063123
H0VW6sg50Pk,Alien: Covenant | Official Trailer [HD] | 20th Century FOX,104017.0,134.0,13775940.0,0.0,299.0,1.0,10.0,0.0,570.3063887852953,0.75,1493.35,271.1,1.05,0.05,12327.55,16471.0,0.470097,0.366471,0.250193,1e-06,0.112033
sJSklwgMhrQ,Irish People Taste Test American Seafood,7649.0,231.0,902403.0,1.0,4.0,24.0,8.0,0.0,303.7693387880782,0.2332382000609601,0.0,0.0,2.52371706369152,0.11471441198597819,90.97463148747373,3142.0,0.712624,0.288782,0.000506,0.000187,0.088398
Io5J8cFEeSg,Out of focus sliced ham: The Movie,6777.0,22.0,709987.0,0.0,5.0,22.0,0.0,0.0,2060.9131652661063,0.23323539532652782,0.23323539532652782,0.0,2.179554598348187,0.3441401997391874,29.907660577358378,2592.0,0.800176,0.204703,0.002517,0.001252,0.086286
PsUEZ1NG7YU,"SUV Drives through Comic Book store! The DeeP Comics & Games Huntsville, AL",2043.0,88.0,328215.0,0.0,3.0,24.0,0.0,0.0,1211.606896551724,0.9240762930599123,19.537613053266718,8.316686637539211,2.591526863816744,0.1295763431908372,474.3511075143657,945.0,0.530979,0.111422,0.095113,0.0,0.50122
2IG5f50olZA,Dirty Projectors - Little Bubble (Official Video),3323.0,209.0,328032.0,0.0,13.0,10.0,4.0,0.0,280.5380434782609,0.10443583134541412,15.560938870466703,6.161714049379433,1.955088381248242,0.30869816546024875,639.3782732139351,281.0,0.253973,0.030981,0.001979,0.496908,0.197803
3ut-QHYcqyU,How To Fix America's Bathrooms In 3 Easy Steps,9558.0,270.0,512267.0,0.0,162.0,23.0,12.0,0.0,332.2559888709796,0.09455952893697268,0.09455952893697268,0.0,0.0,0.0,59.75549983293178,5664.0,0.651042,0.427876,0.115061,0.0,0.011833
U5pzC_gUlpA,Ex's & Oh's | feat. Vanessa Hudgens,706626.0,299.0,10634535.0,0.0,38.0,10.0,7.0,0.0,214.24950446892416,0.2591693817056758,9.848436504815682,1.9869652597435146,0.1706720543346916,0.0,9061.664493789822,23238.0,0.030564,0.036761,0.001368,0.772942,0.171686
vdsj-PIqR0g,Fake news wasn‚Äôt the biggest media problem of 2016,10645.0,272.0,499071.0,1.0,7.0,25.0,5.0,0.0,196.2314708760986,0.604713017175541,5.78796745010875,0.4319378694111008,0.0,0.0,130.99579519940553,2881.0,0.614942,0.382876,0.02395,0.0,0.15554
gPILI-CMFE4,Tree Tyer,1429.0,56.0,381407.0,0.0,3.0,28.0,0.0,0.0,997.7507190795782,0.1,6.35,0.9,0.1,0.0,32.35,727.0,0.753704,0.17506,0.002825,0.090158,0.039235
gH2Uok-9Y8A,iPhone 7 Plus Screen Replacement done in 6 minutes,8177.0,377.0,308769.0,1.0,5.0,26.0,15.0,0.0,172.6237773938181,0.0,0.0,0.0,0.47174324584391353,0.23587162292195676,0.0,4582.0,0.169447,0.033206,0.0012,0.693705,0.102681
0IWSIg6C4H0,IT IS ALLLLLL OVER!!!,2386.0,169.0,85799.0,0.0,1.0,17.0,17.0,0.0,291.6154147895444,0.15903260397836227,63.53352528935573,8.269695406874838,1.5723797595886564,0.07861898797943281,0.0,360.0,0.785814,0.063584,0.000634,0.028452,0.161675
tusRN2EIC_M,Istanbul new year Reina nightclub attack 'leaves 39 dead' - BBC News,288.0,131.0,110582.0,0.0,180.0,25.0,4.0,0.0,268.65499158124385,0.0,0.0,0.0,0.2186531652885917,0.07288438842953056,17.537972102328407,722.0,0.751847,0.210123,0.118031,0.00251,0.120618
nFw2JiWhTUk,2017: What Will You Learn?,14512.0,182.0,907217.0,0.0,9.0,24.0,12.0,0.0,83.34184997474615,0.25680075583551115,1266.8623287255352,66.89659689515065,1.272227204896571,0.44527952171379986,88.4248640695121,934.0,0.355624,0.12719,0.060455,0.286438,0.224476
mh9B5UJbbRg,How I memorized an entire chapter from ‚ÄúMoby Dick‚Äù,14891.0,290.0,549164.0,1.0,10.0,25.0,6.0,0.0,196.2314708760986,0.3413612583436973,1.4792321194893547,0.0,0.39501789514778096,0.056431127878254425,45.059169816876114,1428.0,0.792455,0.087711,0.100362,0.021252,0.109969
FFym8JwlYxY,41 Dad Jokes in 4 Minutes! (with special guest star...),30807.0,4.0,696779.0,1.0,7.0,22.0,28.0,0.0,225.0305159960857,0.1,5.6,0.35,0.6,0.05,186.6,1775.0,0.050638,0.011832,0.001617,0.67726,0.164707
2vJWpvEKCVk,CAN WE DIY?! | PRANK GIFTS!,6900.0,568.0,168292.0,0.0,3.0,23.0,7.0,0.0,130.57879396363106,0.0,0.0,0.0,0.05,0.0,0.0,195.0,0.100823,0.015094,0.009508,0.726905,0.079196
cmBvgGbqmzY,Everything Wrong With Home Alone In 15 Minutes Or Less,74366.0,933.0,4975024.0,0.0,9.0,1.0,6.0,0.0,240.66378913914716,0.15,4.9,1.0,0.75,0.05,193.4,10663.0,0.801586,0.116882,0.091189,0.038165,0.130816
BB1B-VrPij0,James Franco and Bryan Cranston Bond Over Spicy Wings | Hot Ones,32179.0,922.0,1813384.0,0.0,15.0,26.0,5.0,0.0,113.17272302759244,0.2,0.9,0.1,1.0,0.05,0.0,3529.0,0.663883,0.145378,0.01899,0.00034,0.336696
0WUsqyllCL0,What's inside Augmented Reality Ski Goggles?,8166.0,532.0,605378.0,1.0,3.0,24.0,10.0,0.0,116.28543678790557,0.05,3.25,0.15,0.05,0.0,0.0,1634.0,0.517072,0.117527,0.006088,0.040085,0.263111
QbELCn-TD7U,5 Gadgets to Start 2017,14193.0,430.0,597179.0,1.0,8.0,28.0,12.0,0.0,142.91291912864148,0.0,0.0,0.0,0.5,0.1,6.25,1093.0,0.640576,0.003259,0.001487,0.171334,0.124949
484kNkBnh5w,An Interview with the famous Syrian Little girl from Aleppo : Bana Alabed,1038.0,107.0,47631.0,0.0,4.0,1.0,0.0,0.0,177.0313577542493,0.05,0.0,1.2,0.0,0.0,71.4,671.0,0.640714,0.372374,0.105584,0.001096,0.087184
nUo3f-Vx0fg,Fire Hands Experiment ft. Alex Wassabi,25651.0,285.0,1038841.0,1.0,4.0,28.0,8.0,0.0,192.7666037234764,0.0,0.0,0.0,0.1,0.05,10.9,1721.0,0.330548,0.244709,0.360505,0.043698,0.141241
350Xlkvn0Ko,Myth-testing Christmas movies with SCIENCE EXPERIMENTS (ft. Vsauce3),22896.0,576.0,980744.0,0.0,6.0,28.0,13.0,0.0,155.16119458443765,0.05,0.15,0.0,0.0,0.0,0.0,2124.0,0.614978,0.214079,0.112958,3.8e-05,0.246695
Yesf4wi8DaM,Chaperoning 7th Graders,126519.0,414.0,3175158.0,1.0,5.0,23.0,7.0,0.0,114.56076041188823,0.1,0.85,0.0,0.9,0.05,0.0,44886.0,0.781178,0.09497,0.08262,0.032277,0.175893
sCEzEVJkO1U,Comcast Xfinity's repair trucks may have caused multiple slide offs and collision.,42275.0,221.0,3264147.0,0.0,33.0,25.0,0.0,0.0,1547.3327032136106,1.15,290.6,54.95,0.05,0.0,1310.5,13343.0,0.577512,0.429384,0.12299,0.0,0.075517
Yr2UDKEzAL8,Everything Wrong With Star Trek Beyond In 17 Minutes Or Less,23101.0,1054.0,1218664.0,0.0,27.0,1.0,6.0,0.0,240.66378913914716,0.15,4.0,2.1,0.1,0.05,54.2,4386.0,0.866609,0.128112,0.099149,0.001099,0.106699
cPAbx5kgCJo,"Auli'i Cravalho - How Far I'll Go (From ""Moana"")",163364.0,156.0,26823471.0,1.0,20.0,10.0,12.0,0.0,531.4277060745146,0.2,4.2,0.6,0.0,0.0,5149.25,12931.0,0.050601,0.000356,0.001531,0.770463,0.176657
NxyGmyEby40,Meryl Streep Speech The Golden Globes 2017,62584.0,389.0,4359422.0,0.0,3.0,22.0,0.0,0.0,1766.1513544503368,1.61251483607274,42.10455405301043,27.054415582998192,3.4936467312751596,0.17468233656375798,81960.15152884903,36202.0,0.734328,0.094003,0.001161,0.024131,0.092326
ETpiA8ych30,Jennifer Lawrence & Chris Pratt Insult Each Other | CONTAINS STRONG LANGUAGE!,143039.0,292.0,12405169.0,0.0,84.0,1.0,6.0,0.0,301.678366810533,0.45,8.05,1.6,1.05,0.05,2007.6,5813.0,0.699686,0.170323,0.003333,0.001052,0.300411
EjidrUoHvPs,Wolverine Face-Off!,110871.0,1767.0,6425309.0,1.0,5.0,15.0,10.0,0.0,129.73907278881694,0.05,0.4,0.1,0.7,0.05,63.25,19317.0,0.351582,0.15169,0.390943,0.102813,0.133085
Gga0U5Kw5ks,8 Houses That Are Zombie Proof,50551.0,416.0,6998068.0,0.0,242.0,24.0,7.0,0.0,368.2607977666052,0.05,0.05,0.0,1.0,0.1,178.1,9234.0,0.55336,0.326343,0.251845,3.4e-05,0.077169
OvW_L8sTu5E,Beauty and the Beast US Official Trailer,301344.0,2.0,29045156.0,0.0,183.0,1.0,4.0,0.0,678.725211628705,0.65,1026.8,165.85,1.05,0.2,22848.1,25027.0,0.294339,0.0036,0.003299,0.485301,0.138357
Div0iP65aZo,Logan | Official Trailer [HD] | 20th Century FOX,185808.0,108.0,17479160.0,0.0,163.0,1.0,9.0,0.0,570.3063887852953,0.8,61.1,21.35,1.0,0.05,10800.5,25987.0,0.19882,0.011463,0.020836,0.504356,0.247083
sC9abcLLQpI,Rogue One: A Star Wars Story Trailer #2 (Official),205484.0,158.0,23002019.0,0.0,45.0,24.0,6.0,0.0,304.8147612092679,1.55,1113.9,185.25,1.1,0.05,12033.3,36158.0,0.672375,0.087199,0.106468,0.139768,0.159251
Q-C4qqsgs8w,Power Rangers (2017 Movie) Official Teaser Trailer ‚Äì ‚ÄòDiscover The Power‚Äô,162600.0,151.0,22175717.0,0.0,47.0,1.0,4.0,0.0,1137.560649729444,0.65,213.55,61.9,1.0,0.0,12937.4,28810.0,0.766715,0.007253,0.034569,0.012717,0.14165
3CGhng_VviU,Inked by a Giant Slug!,84454.0,505.0,9193612.0,1.0,4.0,15.0,10.0,0.0,132.6789732132494,0.25,0.55,0.3,0.2,0.0,21.4,10490.0,0.338198,0.131023,0.342237,0.135066,0.156965
nRp1CK_X_Yw,IMPORTANT,150899.0,181.0,8163683.0,1.0,64.0,25.0,1.0,0.0,742.6842284353202,2.9,76.5,28.75,5.95,1.15,16853.2,75161.0,0.846136,0.069136,0.000361,0.012851,0.096375
frdj1zb9sMY,Rogue One: A Star Wars Story Trailer (Official),283717.0,136.0,32350943.0,0.0,54.0,24.0,6.0,0.0,304.810908945047,1.85,941.85,175.8,1.7,0.05,16195.0,60958.0,0.338585,0.009694,0.407863,0.050688,0.231355
sP493LmSJrE,Message to Mr. Trump (why I climbed your tower),32346.0,62.0,4990881.0,0.0,62.0,22.0,0.0,0.0,936.4393996247654,1.55,50.5,13.55,0.0,0.0,715.55,31400.0,0.264366,0.024682,0.028293,0.00994,0.6537
ZkqyIoYAXV8,Skrillex & Rick Ross - Purple Lamborghini [Official Video],1824827.0,262.0,199199011.0,0.0,29.0,10.0,16.0,0.0,245.69597292304005,0.9,22.85,11.05,1.25,0.15,0.0,116504.0,0.02911,0.021047,0.009055,0.654907,0.262229
Uf0eGXaiPcw,Dad Reacts to Steelers vs Ravens (Week 16),4554.0,251.0,334703.0,0.0,167.0,23.0,4.0,2922.0,290.8462905375389,0.0,0.0,0.0,0.2140807128598633,0.053520178214965825,966.2536376558955,747.0,0.033133,0.003159,0.011903,0.6762,0.188506
RPNTTeOsLvE,Dog opens Christmas gift and immediately plays with it!,11672.0,69.0,897181.0,0.0,15.0,15.0,1.0,10446.0,2639.812862497304,0.053961878261767474,0.10792375652353495,0.0,0.2675990066571038,0.05351980133142076,78.77003510391572,1435.0,0.577636,0.085545,0.004373,0.076196,0.19833
esF9SfGi6AE,The Worst Movies of 2016,30577.0,648.0,988281.0,0.0,4.0,24.0,3.0,0.0,218.51455393766827,0.06032637513600755,0.06032637513600755,0.0,2.1530248586931306,0.35883747644885505,0.0,6557.0,0.90761,0.12666,0.040972,0.001405,0.057707
F-eMt3SrfFU,Dunkirk - Trailer 1 [HD],174591.0,139.0,16202521.0,0.0,58.0,24.0,3.0,0.0,602.5859408594735,0.9,2038.0,276.2,1.15,0.05,8618.5,25023.0,0.862338,0.130573,0.035139,0.0,0.126909
J_8xCOSekog,Mac Miller - My Favorite Part (feat. Ariana Grande),282825.0,275.0,17527022.0,0.0,13.0,10.0,5.0,0.0,724.8976883979853,0.05,24.3,7.15,1.2,0.1,6773.15,17029.0,0.193319,0.040761,0.000223,0.556713,0.126749
X4bogD3eUOc,5 Contestants on The Voice who Auditioned With a Coaches Song,143183.0,505.0,19442461.0,0.0,6.0,10.0,6.0,3446.0,596.2491187235406,0.0,0.0,0.0,1.2760228858013707,0.0,105.52467652388833,5096.0,0.718706,0.082409,0.000401,0.043066,0.203686
ou7x9sjl_fM,Film Theory: The ULTIMATE Guide to Predicting Oscar Winners,44970.0,847.0,1317571.0,1.0,3.0,1.0,8.0,3113.0,77.05918847548627,0.1532741623573636,3.83185405893409,0.9196449741441817,2.9961583302933916,0.0,0.0,5617.0,0.291402,0.0109,0.014673,0.434375,0.158888
K97Rthh-qmk,Bright Lights: Starring Carrie Fisher and Debbie Reynolds (HBO Documentary Films),6725.0,114.0,684096.0,1.0,40.0,1.0,21.0,286.0,249.6216216216216,0.18997973261748477,39.42079451812809,2.9446858555710143,1.873049097984277,0.09365245489921385,1088.1624514473733,548.0,0.068862,0.009924,0.001392,0.571682,0.258719
UQPfqnyNqzk,Second Avenue Subway Opens,253.0,102.0,29249.0,0.0,0.0,19.0,1.0,0.0,736.1410585111254,0.0,0.0,0.0,1.3157847930360143,0.2923966206746698,0.0,112.0,0.600244,0.380736,0.002536,0.011824,0.075112
DqI4Ov0co6E,CRAZY LATINOS | Rudy Mancuso & Lele Pons,73332.0,103.0,1929691.0,1.0,4.0,23.0,16.0,1965.0,68.22864096236329,0.0,0.0,0.0,1.27531243596054,0.127531243596054,24.090412547481904,3170.0,0.667798,0.133995,0.00213,0.000185,0.345319
5pmZmUzhx9w,Marion Cotillard Confused by Impossibly Irish Couch - The Graham Norton Show,7925.0,340.0,1204969.0,0.0,6.0,24.0,1.0,3707.0,430.114682941544,0.05396080835234786,0.10792161670469572,0.10792161670469572,0.21407686980557178,0.053519217451392945,103.38300142350602,930.0,0.489987,0.038006,0.005544,0.211552,0.239856
LyYM8SgatOI,Sculpture Demonstration,8512.0,577.0,1002979.0,0.0,4.0,22.0,1.0,8713.0,2513.89552238806,0.3,1346.15,44.7,0.25,0.1,222.6,528.0,0.112138,0.036469,0.049931,0.513153,0.282537
xcmcv4EDSNc,"Full Speech: President-Elect Donald Trump Rally in Mobile, AL 12/17/16",6215.0,21080.0,251717.0,0.0,16.0,25.0,0.0,499.0,476.6535733635423,0.2,293.8,61.35,0.0,0.0,134.6,1216.0,0.04635,0.009246,0.000417,0.722719,0.165698
CH7GCMm1ngA,Democrats in the Wilderness | Full Frontal with Samantha Bee | TBS,7200.0,344.0,859174.0,1.0,5.0,22.0,0.0,1262.0,253.54216144601116,0.65,11.55,6.55,0.0,0.0,166.5,2078.0,0.811797,0.121602,0.001167,0.0,0.092439
77CEKzxk7zU,Amanda Nunes vs. Ronda Rousey Fight Recap | UFC 207,6145.0,493.0,3691872.0,0.0,31.0,17.0,6.0,835.0,452.03817089106997,0.06874867616710582,0.13749735233421165,0.06874867616710582,0.9523252790273478,0.06802323421623913,65.61628910301948,3012.0,0.786413,0.09632,0.164668,7e-06,0.104577
bEskg0Z-NAQ,Seth Meyers Shares Remarks on Donald Trump's Presidency,67577.0,583.0,6997402.0,1.0,100.0,23.0,15.0,774.0,385.3491194828989,0.45,9.9,2.8,0.0,0.0,1724.1,14268.0,0.84203,0.193681,0.001047,0.002455,0.064524
lo6x4eulY9g,"THE AMAZING TRIPLE SPIRAL (15,000 DOMINOES)",414759.0,148.0,19610645.0,1.0,68.0,24.0,13.0,12056.0,271.8661988083041,0.6,5.4,1.05,0.0,0.0,2320.55,13369.0,0.026841,0.005589,0.000905,0.853667,0.117975
xOPl2CR0rvU,Brave Wilderness Trailer - Update!,35951.0,131.0,772638.0,1.0,9.0,15.0,8.0,0.0,132.6789732132494,0.08638908723823233,0.17277817447646465,0.08638908723823233,2.389388457025396,0.08533530203662129,0.0,3880.0,0.476493,0.033419,0.14204,0.227975,0.143608
3bifbg12u28,How Far Away Can You Get From Everybody Else?,70385.0,535.0,4324299.0,1.0,7.0,27.0,9.0,0.0,69.68119637138616,0.65,31.9,2.5,1.05,0.05,279.45,7948.0,0.579844,0.122227,0.143095,3e-05,0.440186
N3xyICmQHy8,iPhone 7 vs World's Strongest Acid - What Will Happen?,118313.0,7.0,11825016.0,0.0,26.0,24.0,3.0,0.0,203.4752922930454,0.25,1.3,1.7,0.0,0.0,261.0,29591.0,0.602825,0.385325,0.008927,2e-06,0.116188
pZTXv5NpgaI,JACKIE | OFFICIAL TEASER TRAILER | FOX Searchlight,15861.0,105.0,4216955.0,0.0,87.0,1.0,9.0,0.0,2350.4493196575263,0.35,49.8,14.35,0.1,0.05,1815.85,2350.0,0.280728,0.026792,0.018821,0.452572,0.163959
Jrvfoybj98Q,SHOOTING MY 50 MILLION AWARD!,478327.0,630.0,9034436.0,1.0,2.0,20.0,1.0,3451.0,274.1930060687075,0.13294802941119907,0.6647401470559954,0.5317921176447963,3.5201043339691434,0.13037423459144976,0.0,54928.0,0.764726,0.236784,0.119079,3e-06,0.086734
FBR5u6clw6g,Cars 3 Teaser Trailer #2 (2017) | Movieclips Trailers,77942.0,114.0,6389601.0,1.0,172.0,1.0,8.0,1060.0,720.2260822621149,0.9451318956185589,2.5203517216494906,0.6300879304123727,1.9641382997520693,0.10337569998695101,1423.9404358983275,8771.0,0.795675,0.141251,0.119608,0.000428,0.11778
16MvmIJGhvE,Minecraft: THE MOST EPIC HOUSE IN HISTORY!!! - TRAYAURUS'S ZOMBIE EXPERIMENT - Custom Map [2],33796.0,3414.0,2086872.0,0.0,0.0,20.0,13.0,5451.0,721.1047371368878,0.0,0.0,0.0,0.0,0.0,0.0,12783.0,0.041208,0.014173,0.038463,0.818897,0.080798
XaldSt0lc8o,Jimmy Fallon's Golden Globes Cold Open,63988.0,307.0,3383442.0,0.0,4.0,23.0,12.0,3019.0,498.09896894273083,0.5430472500031881,10.498913500061636,6.335551250037194,3.1716485723797105,0.17620269846553946,11710.751843152597,2996.0,0.669938,0.073499,0.001447,0.070246,0.161915
dwMPaAtHPCw,Too Excited about Pears! (Question Tuesday with Hank),8546.0,238.0,169316.0,1.0,3.0,22.0,11.0,4533.0,225.04785600325877,0.11729452274302274,2.932363068575569,0.35188356822906824,2.3051873827835703,0.1152593691391785,0.0,751.0,0.634402,0.14492,0.006314,0.000481,0.245393
nd5WqwD_NOk,Mark Hamill Honors Carrie Fisher With a Touching Tribute: 'This is Downright Heartbreaking',7879.0,138.0,896234.0,0.0,61.0,24.0,1.0,285.0,1212.8726635016812,0.0,0.0,0.0,0.0,0.0,0.0,1512.0,0.259822,0.002169,0.06345,0.156525,0.571172
xL1EgvErjsQ,'Star Wars' Actress Carrie Fisher Dies at 60,506.0,100.0,64465.0,0.0,23.0,24.0,1.0,285.0,1222.9684151493193,0.0,0.0,0.0,0.5351896623935488,0.053518966239354884,0.0,210.0,0.202152,0.013256,0.080072,0.021416,0.76375
AN5wNFlwiag,Adam Ruins Everything - Climate Change is Already Happening. Now what?,18527.0,144.0,726928.0,1.0,2.0,24.0,9.0,2487.0,801.47491321059,0.2,5.95,3.45,0.15,0.1,152.5,7537.0,0.727849,0.216291,0.114304,3e-06,0.133726
DEeRKoXhrLA,5-Second Summaries with Jim Parsons,20173.0,275.0,1301355.0,0.0,26.0,23.0,12.0,3028.0,498.0785130674367,0.05,0.0,0.0,0.0,0.0,144.7,806.0,0.042864,0.003928,0.008483,0.67493,0.190458
aYJmdHyqNJg,Tweetin' with the Prez,10164.0,321.0,951808.0,0.0,50.0,23.0,15.0,1604.0,385.4017493242282,0.05,0.0,0.0,0.45,0.15,53.25,1739.0,0.6829,0.327142,0.005572,2e-06,0.09283
4skqe9o2D2U,Tarzan II - Disneycember,13098.0,419.0,719230.0,0.0,3.0,24.0,7.0,2521.0,332.51607979740663,0.0,0.0,0.0,0.1,0.0,44.1,1865.0,0.773953,0.036244,0.017099,0.019276,0.158552
PsBWnst8f7w,Snatched | Red Band Trailer [HD] | 20th Century FOX,6359.0,155.0,1695744.0,0.0,24.0,1.0,8.0,11037.0,570.3581641279596,0.35,3.15,2.55,0.45,0.05,311.15,3586.0,0.575307,0.454527,0.030476,0.000705,0.057515
Aud86OSqQ1w,Childish Gambino: Redbone,60000.0,298.0,2754810.0,0.0,21.0,23.0,12.0,2400.0,498.0785130674367,0.3,41.1,7.25,1.4,0.3,3961.5,7900.0,0.199794,0.055609,0.002593,0.480094,0.205275
UHvuiXPyemI,this had to happen,134834.0,301.0,5239279.0,1.0,4.0,23.0,0.0,4951.0,274.6361474292793,0.0,0.0,0.0,0.9,0.45,28.6,31881.0,0.488451,0.066088,0.031773,0.128971,0.333957
q4y0KOeXViI,#madebygoogle,50927.0,5260.0,4200829.0,1.0,5.0,28.0,1.0,7523.0,257.8060142738347,0.45,20.8,12.85,1.0,0.4,1246.85,2991.0,0.770722,0.088352,0.012767,0.070291,0.177414
2ZmM-2gj5Gc,Mattress company airs offensive 9/11 commercial,26739.0,22.0,9402654.0,0.0,45.0,19.0,2.0,2604.0,4221.832206255283,1.45,936.7,144.0,0.0,0.0,3382.6,26637.0,0.707815,0.236995,0.000808,7.7e-05,0.204846
Mg-RPTiVa_Q,"Airship crash, Airlander 10 crashing into the ground cardington shed airship",15923.0,78.0,9193964.0,0.0,80.0,22.0,0.0,9014.0,2726.4455973910467,0.25,3.8,3.5,0.0,0.0,266.75,9938.0,0.396096,0.153548,0.200868,0.004002,0.469431
Tq8phJ6X9sU,Jared Leto Brings Jimmy a Gift from the Joker,70028.0,173.0,5470120.0,0.0,28.0,23.0,12.0,2128.0,500.27852744799225,0.25,5.6,0.85,0.35,0.05,629.05,4118.0,0.044996,0.127683,0.003597,0.674466,0.121805
UZHDwemAZ-k,"Found 3 GoPros, iPhone, Gun and Knives Underwater in River! - Best River Treasure Finds of 2016",151698.0,399.0,3909799.0,0.0,3.0,17.0,9.0,0.0,54.26955605999149,0.39605240180852097,41.585502189894704,7.392978167092392,2.591641132435443,0.12958205662177216,972.3387597433658,3741.0,0.571988,0.130623,0.022091,0.250276,0.054894
PrdKgdPg1ZY,Cell Phone Blows Up In CeeLo Green's Face,3125.0,43.0,874801.0,0.0,74.0,24.0,0.0,0.0,397.0673170140572,0.05,0.1,0.05,0.0,0.0,0.25,2271.0,0.762703,0.228695,0.051016,0.000246,0.130386
-F_8qaQ3DD0,Official Furkids Kitty Kommercial,59261.0,178.0,4264924.0,0.0,7.0,15.0,2.0,0.0,947.9948336433147,0.0,0.0,0.0,1.05,0.25,3090.8,3331.0,0.004442,0.016602,0.000934,0.829846,0.148274
UvZzzykQn48,CRHOY - Paso del meteorito por el volc√°n Turrialba,503.0,12.0,195875.0,0.0,2.0,25.0,0.0,809.0,0.0,0.0,0.0,0.0,0.3204576778699843,0.0,30.236358431213844,323.0,0.764792,0.139443,0.032958,0.000817,0.139702
Tqs21OVrc2I,Fuller House | Official Trailer - Season 2 [HD] | Netflix,29328.0,131.0,2956376.0,0.0,123.0,24.0,7.0,0.0,450.59570029147534,0.15,2.2,0.5,1.6,0.0,3383.95,3822.0,0.452458,0.034579,0.015392,0.261296,0.156822
NHiqsrYkcuk,$8 Pasta Vs. $100 Pasta,207602.0,697.0,12923182.0,1.0,11.0,22.0,11.0,0.0,779.2195130623307,0.2,1.2,1.0,0.7,0.0,327.4,22122.0,0.029908,0.039039,0.065152,0.580832,0.250463
XvgnOqcCYCM,Mean Tweets - President Obama Edition #2,190595.0,117.0,15984066.0,0.0,5957.0,23.0,8.0,0.0,460.3300166398194,0.45,26.65,2.05,1.5,0.0,4616.7,17663.0,0.608801,0.146598,0.003826,7.6e-05,0.451018
sYf0vYkUtyA,Huskers Remember Sam Foltz on the Field,8148.0,80.0,1328602.0,0.0,9.0,17.0,0.0,233.0,0.0,0.1,323.8,10.2,1.15,0.0,178.6,986.0,0.861674,0.128966,4.1e-05,0.000176,0.11667
43RgvVY_wvQ,DELTA KICKED US OFF THE PLANE FOR SPEAKING ARABIC!,232557.0,440.0,5242417.0,0.0,16.0,22.0,3.0,0.0,224.96400774586093,0.25,0.2,1.65,0.85,0.0,618.75,0.0,0.0,0.0,0.0,0.0,0.0
8U__F3jK0Sw,Louis Tomlinson and Steve Aoki perform Just Hold on! | Finals | The X Factor UK 2016,206498.0,329.0,4933261.0,0.0,165.0,24.0,6.0,3477.0,812.0394914659636,0.0,0.0,0.0,1.9,0.0,3994.2,0.0,0.0,0.0,0.0,0.0,0.0
04w9GI5UjVQ,10 Most Paused Scenes in Popular DISNEY Movies,15568.0,381.0,2748655.0,0.0,7.0,24.0,7.0,0.0,0.0,0.0,0.0,0.0,1.45,0.0,0.0,1437.0,0.584068,0.344404,0.080843,0.000316,0.213612
sISO4H7qfZM,Rube BeauBerg Experiment,6584.0,26.0,336440.0,0.0,1.0,27.0,1.0,0.0,2053.451219512195,0.0,0.0,0.0,0.55,0.0,0.0,403.0,0.699006,0.09059,0.020502,0.07812,0.243248
r8mR33cp_Fk,iPhone 7 Plus ‚Äì Take Mine ‚Äì Apple,24566.0,61.0,1583246.0,1.0,25.0,28.0,1.0,0.0,56.1578319857908,0.5158615658128777,123.08456960295261,32.70562327253644,2.4683177748864265,0.0,4020.8769224560583,0.0,0.0,0.0,0.0,0.0,0.0
NrmMk1Myrxc,Introducing Amazon Go and the world‚Äôs most advanced shopping technology,84324.0,110.0,7846470.0,1.0,88.0,28.0,1.0,7305.0,2443.9291840084247,1.65,703.15,234.3,1.2,0.0,13982.5,0.0,0.0,0.0,0.0,0.0,0.0
Q6dsRpVyyWs,Apple ‚Äì Introducing iPhone 7,234920.0,137.0,22782784.0,1.0,52.0,28.0,0.0,0.0,56.1578319857908,0.2,0.5,1.0,0.4,0.0,8715.15,0.0,0.0,0.0,0.0,0.0,0.0
-odRryWBFnA,Truffle Hunting in Piedmont with Truffle Dog Ibe | The Recipe Hunters,3.0,1.0,53.0,1.0,0.0,29.0,2.0,6519.0,70.07943925233644,5.59488362080969,178511.30793576952,32711.214423934558,1.7901568050852001,0.0,0.0,2.0,0.036073,0.242693,0.1255,0.260569,0.415765
9qIBhe5Cx6Q,TOP 10 WINTER FRAGRANCES 2016- 2017 (Best Men's Fragrances/ Most Complimented Fragrances),130.0,669.0,2548.0,0.0,0.0,22.0,15.0,6923.0,70.9168126094571,0.0,0.0,0.0,6.690394215616321,0.0,0.0,60.0,0.421188,0.114308,0.000771,0.398961,0.138902
njqK2QMVfJc,2017! What to Expect & THANK YOU,11.0,422.0,79.0,0.0,0.0,28.0,6.0,-1.0,112.72345890410959,0.0,0.0,0.0,0.6760160361471976,0.0,0.0,11.0,0.039855,0.01854,0.072544,0.805521,0.112993
yC-ySpwLpDA,DYING MY RED HAIR BROWN WITH SCHWARZKOPF COLOUR MASK | IdleGirl,34.0,606.0,201.0,0.0,0.0,26.0,2.0,-1.0,77.61182401466544,0.0,0.0,0.0,3.8056688430576697,0.0,0.0,43.0,0.001687,0.000955,0.001002,0.868886,0.134815
UbOvodK5Jhs,Morphe x Kathleenlights Palette | Review | Swatches | Tutorial and GIVEAWAY!,291.0,391.0,1527.0,0.0,7.0,26.0,22.0,8463.0,4.612066276127422,0.0,0.0,0.0,4.455457460383962,0.0,0.0,103.0,0.000892,0.000595,0.000138,0.919673,0.082431
S1WSyvM6Ulk,My Husband Does My Voiceover + Everyday Makeup Routine 2017,311.0,200.0,4624.0,0.0,0.0,26.0,7.0,8463.0,35.52917444451135,0.0,0.0,0.0,1.0126039670028928,0.0,0.0,44.0,0.007123,0.005192,0.005898,0.948972,0.034202
oC7FF1vWg6A,"MY TEETH, MUSIC, MOVIES, TV SHOW, AND SCOTTISH HUMAN BEANS  |  Joshua Lee Young",38.0,523.0,7659.0,0.0,0.0,23.0,7.0,-1.0,28.804477400127723,0.0,0.0,0.0,2.0,0.0,0.0,13.0,0.028484,0.014219,0.034576,0.791104,0.166073
46dCCRgdGkw,Re-Introducing Diverse Dazed by Zeak !,167.0,111.0,1328.0,0.0,0.0,20.0,14.0,9583.0,15.604995374653098,0.0,0.0,0.0,0.35,0.0,0.0,68.0,0.178621,0.379959,0.000476,0.013378,0.596485
q2Rs0cdljQs,What I Got For Christmas | UNEDITED | Lauren Platt,298.0,997.0,3254.0,0.0,0.0,22.0,6.0,446.0,38.47454610181559,0.0,0.0,0.0,1.873802407400198,0.0,0.0,24.0,0.002618,0.000732,0.000561,0.958152,0.039114
Vbq79xuQXKs,Happy New Year! 2017 Resolutions? Meet-ups?,12.0,570.0,78.0,0.0,0.0,10.0,0.0,-1.0,32.08561835478456,0.0,0.0,0.0,1.6310009222474586,0.0,0.0,7.0,0.002286,0.009037,0.003087,0.974324,0.017128
B6KKpv0l5UU,STORMENTV's 30 KILL GAME | H1Z1,145.0,369.0,8762.0,0.0,0.0,20.0,6.0,897.0,436.59273631840796,0.0,0.0,0.0,2.591394772628045,0.0,0.0,50.0,0.781483,0.197429,0.031945,0.004389,0.142014
_WS827BPHfw,THANK YOU ALL SO MUCH - POWERED BY @GFUELENERGY #SOARRC (CALL OF DUTY YOUTUBER BALLISTIC),43.0,253.0,155.0,0.0,0.0,20.0,12.0,2677.0,279.89870689655174,0.0,0.0,0.0,0.40504158423674896,0.0,0.0,63.0,0.020657,0.021149,0.007068,0.943067,0.023177
NOwEwJD_p2w,YouTube Challenge - I Told My Kids I Ate All Their Halloween Candy 2016,144129.0,309.0,11573037.0,0.0,19.0,23.0,9.0,5267.0,460.30612489970264,0.55,27.45,18.45,1.9,0.0,13393.1,13380.0,0.242161,0.009247,5.5e-05,0.521305,0.142006
kfwqlAk-6Sw,"We're All Comp Now - Overwatch Gameplay (PC, 1440p)",150.0,6917.0,5739.0,0.0,5.0,20.0,3.0,688.0,18.388508891928865,0.0,0.0,0.0,2.331060467130296,0.0,0.0,42.0,0.523889,0.070748,0.069891,0.018813,0.470454
jB2zoidUeLU,Donald and Hillary - I've Had The Time of My Life,48160.0,92.0,4041171.0,0.0,19.0,24.0,1.0,492.0,2871.1729079981505,0.45,123.3,3.4,1.0,0.0,12345.95,3220.0,0.229892,0.285115,0.003512,0.014272,0.466867
a91oTLx-1No,Cat surprises 3 year old girl for Christmas!,22800.0,41.0,2944834.0,0.0,17.0,23.0,0.0,1809.0,2617.584673604541,0.2,2.3,0.05,0.05,0.0,184.3,3120.0,0.702955,0.250316,0.021693,0.014285,0.065113
Yzl5NPL1FgU,ROOM TOUR 2017 | Earthy & Bohemian,351.0,140.0,6761.0,0.0,0.0,24.0,17.0,-1.0,5.478594712060848,0.0,0.0,0.0,1.8389909597811793,0.0,0.0,92.0,0.016413,0.000992,0.001546,0.844099,0.137258
Hsjbc__C_4A,MONSTA X SNOWBALL FIGHT(ER),100.0,4.0,679.0,0.0,0.0,22.0,3.0,-1.0,137.2603239457172,0.0,0.0,0.0,5.672290590004371,0.0,0.0,16.0,0.003237,0.007938,0.010151,0.861561,0.144551
NgiddVgBZlQ,Flooding In Historic Ellicott City July 30 2016 Takes Out The Clock,2604.0,21.0,1410424.0,0.0,3.0,28.0,0.0,6755.0,1618.7908124525436,0.1,0.45,0.0,1.65,0.0,687.6,1395.0,0.820891,0.047485,0.00404,0.03465,0.128943
wAPd9T2yzNY,Winning or Losing It All - Security Told Me I Couldn't Record,7.0,197.0,59.0,0.0,0.0,24.0,0.0,11694.0,89.87071240105541,0.0,0.0,0.0,0.05,0.0,0.0,2.0,0.411778,0.021083,0.077695,0.148121,0.41926
BkMYYYFLCD0,Road To Covenant S2Ep2: YEAR OF GLORY!,12.0,344.0,185.0,0.0,0.0,22.0,0.0,0.0,60.6219723183391,0.0,0.0,0.0,3.1743899239349633,0.0,0.0,0.0,0.0,0.0,0.0,0.0,0.0
rbIGBCcfKZg,Trump surrogate confronted about faked biographical claims,5777.0,457.0,1036585.0,0.0,7.0,25.0,0.0,-1.0,944.0560152188135,0.2,3.05,0.25,2.35,0.0,683.95,7168.0,0.770538,0.238917,0.001213,0.001404,0.091694
ky2hB_k4GcU,Underworld 4K UHD Blu-Ray Review,9.0,183.0,205.0,0.0,0.0,28.0,0.0,-1.0,238.0704845814978,0.0,0.0,0.0,1.915378798876935,0.0,0.0,13.0,0.196463,0.050367,0.106657,0.496097,0.193785
vudaAYx2IcE,The Millennial Question,2203.0,926.0,114146.0,0.0,4.0,22.0,0.0,2782.0,18.486017542566522,0.16785207948378086,2.182077033289151,1.95827426064411,0.33565440198968166,0.0,730.1656900171389,141.0,0.112542,0.000474,0.001241,0.710293,0.174954
5hwZqNVaktA,"Ep18 - The Tour, Dec 2016",847.0,947.0,13679.0,0.0,0.0,1.0,0.0,-1.0,55.34263072507176,0.10127603695386747,0.10127603695386747,0.7089322586770723,0.8100831756700935,0.0,0.0,304.0,0.050249,0.013423,0.10712,0.809796,0.107881
fV8reYnbdQc,Alan Rickman (1946-2016),47.0,1636.0,2541.0,0.0,15.0,25.0,0.0,328.0,1318.3664810904204,0.0,0.0,0.0,0.0,0.0,0.0,1.0,0.028198,0.047464,0.076964,0.761912,0.128909
n9PKxl0Vhvw,Disney Crossy Road Secret Character - MUMMY BOY - Nightmare Before Christmas - January Mulan Update,31.0,109.0,4124.0,0.0,87.0,20.0,9.0,718.0,380.5446675591254,0.0,0.0,0.0,0.0,0.0,0.0,18.0,0.132788,0.110039,0.053337,0.363376,0.41318
a5gZqBCnOzk,'Portal' Themed Mechanical Keyboard ft. Mistel Barocco,305.0,291.0,17744.0,0.0,0.0,28.0,5.0,13215.0,0.0,0.0,0.0,0.0,0.0,0.0,0.0,43.0,0.17559,0.055192,0.022357,0.585374,0.144419
2Ip7xOdJ5rA,Homer Tries To Punish Bart - The Simpsons,234.0,128.0,14753.0,0.0,8.0,1.0,0.0,6012.0,1011.1675062972292,0.0,0.0,0.0,0.0,0.0,0.0,33.0,0.155285,0.064543,0.009037,0.044361,0.811233
ld5_VAHzmAY,Donald Trump Plays Animal Jam?,546.0,78.0,24528.0,0.0,0.0,23.0,1.0,4002.0,103.9145406385055,0.0,0.0,0.0,0.0,0.0,0.0,204.0,0.051488,0.056694,0.008309,0.718373,0.160114
gX7qxxN97CA,Top 6 High Performance Bikes Under 1 Lakh in India,675.0,305.0,175460.0,0.0,0.0,28.0,4.0,11720.0,289.0086473268867,0.0,0.0,0.0,0.0,0.0,0.0,20.0,0.070739,0.037887,0.025374,0.344216,0.571357
cVQZa4PvPwU,Hair Saloon Prank Part 2 By Nadir Ali in #P4PAKAO,2159.0,688.0,102526.0,0.0,0.0,24.0,4.0,8358.0,167.11289668644724,0.0,0.0,0.0,0.8070416998381823,0.10088021247977279,0.0,284.0,0.278611,0.003813,0.001014,0.677177,0.01505
Lp9B3qnRqJI,SALES HAUL,278.0,525.0,5897.0,0.0,0.0,24.0,0.0,0.0,0.0,0.0,0.0,0.0,1.0045673494171428,0.15861589727639097,0.0,125.0,0.044809,0.006733,0.007163,0.745286,0.21684
uNSKsC91N9E,Honda Riding Assist - Self Driving Motorcycle 2017,88.0,66.0,5640.0,0.0,30.0,2.0,0.0,11720.0,289.0086473268867,0.0,0.0,0.0,0.40345350512208117,0.10086337628052029,0.0,3.0,0.011698,0.014077,0.01838,0.901402,0.089202
DU9mGFhT1sw,THE ATTACKS OF 26/11:  COPS CATCH KASAB Best Scene Reaction,113.0,559.0,7726.0,0.0,0.0,24.0,10.0,0.0,323.4641247833622,0.0,0.0,0.0,0.0,0.0,0.0,64.0,0.223811,0.564808,0.102096,0.004764,0.230747
gvBfRwajP7s,STANIJA Q&A: RETROSPEKTIVA 2016! RESOLUTION 2017!,557.0,822.0,70960.0,0.0,1.0,24.0,1.0,1945.0,1097.437023914969,0.0,0.0,0.0,0.0,0.0,0.0,98.0,0.36693,0.060244,0.023846,0.284717,0.361724
ljrVdQCe07U,EIC: My Dad Thinks He's Funny Trailer - Sorabh Pant.,1522.0,73.0,95878.0,0.0,1.0,23.0,1.0,1863.0,158.26488848500767,0.0,0.0,0.0,0.0,0.0,0.0,121.0,0.040118,0.008081,0.007266,0.783355,0.159363
U1eQYk74R1g,"Cars 3 ""Lightning Strikes"" Extended Look",43221.0,91.0,4280118.0,0.0,21.0,1.0,3.0,1040.0,747.3750048731656,1.3873495535302582,396.78197230965384,83.24097321181549,2.522430395716393,0.37836455935745894,1847.2170869733927,6979.0,0.65077,0.002943,0.351432,0.004291,0.089189
eiGdsH1g20k,Be Free (Original) | Pallivaalu Bhadravattakam (Vidya Mashup Cover) (ft. Vandana Iyer),41215.0,224.0,1422593.0,0.0,0.0,10.0,22.0,-1.0,125.123856813331,0.5039091752024722,2.6455231698129795,0.8818410566043265,2.519520147867693,0.0,2841.9511096496476,2786.0,0.025833,0.005351,6.9e-05,0.893607,0.07578
